cpse_a,code_a,cpse_b,code_b,should_match
PGCIL,PGCIL/TL/01000,HPCL,HPCL/VZ/01001,true
BPCL,BPCL/KOCHI/01002,NLCIL,NLC/PW/01003,true
BPCL,BPCL/KOCHI/01004,BHEL,BHE/DPW/01005,true
CIL,CIL/SP/01006,HPCL,HPCL/VZ/01007,true
HAL,HAL/01008,IOCL,IOCL/REF/01009,true
HPCL,HPCL/VZ/01010,NMDC,NMDC/ME/01011,true
HAL,HAL/01012,BPCL,BPCL/KOCHI/01013,true
BPCL,BPCL/KOCHI/01014,RINL,RINL/VSP/01015,true
NTPC,MAT-001016,IOCL,IOCL/REF/01017,true
NTPC,MAT-001018,PGCIL,PGCIL/TL/01019,true
BPCL,BPCL/KOCHI/01020,PGCIL,PGCIL/TL/01021,true
CIL,CIL/SP/01022,RINL,RINL/VSP/01023,true
HPCL,HPCL/VZ/01024,BPCL,BPCL/KOCHI/01025,true
HPCL,HPCL/VZ/01026,IOCL,IOCL/REF/01027,true
ONGC,MM-46028,NLCIL,NLC/PW/01029,true
BHEL,BHE/DPW/01030,NLCIL,NLC/PW/01031,true
NALCO,NALCO/AL/01032,NTPC,MAT-001033,true
BPCL,BPCL/KOCHI/01034,HAL,HAL/01035,true
BPCL,BPCL/KOCHI/01036,NTPC,MAT-001037,true
HAL,HAL/01038,BPCL,BPCL/KOCHI/01039,true
ONGC,MM-46040,SAIL,SAIL/MSP/01041,true
NTPC,MAT-001042,PGCIL,PGCIL/TL/01043,true
NLCIL,NLC/PW/01044,HPCL,HPCL/VZ/01045,true
NTPC,MAT-001046,NLCIL,NLC/PW/01047,true
HPCL,HPCL/VZ/01048,SAIL,SAIL/MSP/01049,true
GAIL,GAIL/PIPE/01050,NTPC,MAT-001051,true
NTPC,MAT-001052,IOCL,IOCL/REF/01053,true
SAIL,SAIL/MSP/01054,RINL,RINL/VSP/01055,true
CIL,CIL/SP/01056,NLCIL,NLC/PW/01057,true
NMDC,NMDC/ME/01058,HAL,HAL/01059,true
SAIL,SAIL/MSP/01060,PGCIL,PGCIL/TL/01061,true
NTPC,MAT-001062,ONGC,MM-46063,true
SAIL,SAIL/MSP/01064,CIL,CIL/SP/01065,true
NLCIL,NLC/PW/01066,NMDC,NMDC/ME/01067,true
CIL,CIL/SP/01068,GAIL,GAIL/PIPE/01069,true
SAIL,SAIL/MSP/01070,NLCIL,NLC/PW/01071,true
IOCL,IOCL/REF/01072,NLCIL,NLC/PW/01073,true
SAIL,SAIL/MSP/01074,NALCO,NALCO/AL/01075,true
IOCL,IOCL/REF/01076,BHEL,BHE/DPW/01077,true
GAIL,GAIL/PIPE/01078,SAIL,SAIL/MSP/01079,true
CIL,CIL/SP/01080,HAL,HAL/01081,false
BHEL,BHE/DPW/01082,GAIL,GAIL/PIPE/01083,false
BHEL,BHE/DPW/01084,SAIL,SAIL/MSP/01085,false
PGCIL,PGCIL/TL/01086,HAL,HAL/01087,false
HAL,HAL/01088,BPCL,BPCL/KOCHI/01089,false
RINL,RINL/VSP/01090,NLCIL,NLC/PW/01091,false
NALCO,NALCO/AL/01092,NMDC,NMDC/ME/01093,false
GAIL,GAIL/PIPE/01094,SAIL,SAIL/MSP/01095,false
SAIL,SAIL/MSP/01096,BHEL,BHE/DPW/01097,false
ONGC,MM-46098,HPCL,HPCL/VZ/01099,false
CIL,CIL/SP/01100,SAIL,SAIL/MSP/01101,false
SAIL,SAIL/MSP/01102,PGCIL,PGCIL/TL/01103,false
NLCIL,NLC/PW/01104,NALCO,NALCO/AL/01105,false
NTPC,MAT-001106,HPCL,HPCL/VZ/01107,false
NLCIL,NLC/PW/01108,BHEL,BHE/DPW/01109,false
BHEL,BHE/DPW/01110,HPCL,HPCL/VZ/01111,false
HAL,HAL/01112,SAIL,SAIL/MSP/01113,false
SAIL,SAIL/MSP/01114,GAIL,GAIL/PIPE/01115,false
PGCIL,PGCIL/TL/01116,NTPC,MAT-001117,false
NALCO,NALCO/AL/01118,HPCL,HPCL/VZ/01119,false
