cpse_name,original_code,description,category,spec_diameter,spec_pressure_rating,spec_material_grade,spec_length,spec_surface_finish,spec_wall_thickness,spec_thread_size_pitch,spec_strength_grade,spec_material,spec_head_type,spec_bolt_length,spec_conductor_size,spec_voltage_rating,spec_core_count,spec_insulation_color_code,spec_end_connection,spec_valve_class,spec_pressure_range,spec_accuracy_class,spec_dial_size,spec_connection_type
HPCL,HPCL/VZ/05181,SS304 Hex Bolt M8 x 100mm A2-80 DIN 933,Fasteners,,,,,,,M8 x 1.25mm,A2-80,Stainless Steel 304,Flange Head,100mm,,,,,,,,,,
NMDC,NMDC/ME/05531,"Bourdon Tube Pressure Gauge 0-160 bar 250mm 1/2"" NPT IS 3624",Instruments,,,SS316,,,,,,,,,,,,,,,0-160 bar,Class 0.5,250mm,"1/2"" NPT"
ONGC,MM-50140,GI ERW Pipe NB 200mm 160 as per DIN 2448,Pipes,200mm,1500 psi,IS 1239,3m,Galvanized,3.4mm,,,,,,,,,,,,,,,
IOCL,IOCL/REF/05407,Globe Valve NB 300mm 150 Lb SS316 flanged API 6D,Valves,300mm,Class 150,CF8M,,Galvanized,,,,,,,,,,,Wafer,150,,,,
CPCL,CPCL/CH/05404,IS 778 CI Globe Valve 40mm 1500 Screwed NPT,Valves,40mm,Class 1500,IS 210 Gr FG200,,Epoxy Coated,,,,,,,,,,,Screwed NPT,1500,,,,
HPCL,HPCL/VZ/05305,Cu 2.5mm2 4C 3.3kV XLPE IS 694,Electrical_Cable,,,,,,,,,,,,2.5mm2,3.3kV,4,Black,,,,,,
PGCIL,PGCIL/TL/05145,Bolt ASTM A193 M30x100mm SS A2-70 Full Thread,Fasteners,,,,,,,M30 x 3.5mm,A2-70,Stainless Steel,Hex Head,100mm,,,,,,,,,,
NTPC,MAT-005327,PVC Insulated Copper Wire 2.5mm2 6.6kV IS 1554 Part 2,Electrical_Cable,,,,,,,,,,,,2.5mm2,6.6kV,3,Black,,,,,,
IOCL,IOCL/REF/05204,Bolt ISO 4017 M16x100mm MS 8.8 Full Thread,Fasteners,,,,,,,M16 x 2.0mm,8.8,Mild Steel,Hex Head,100mm,,,,,,,,,,
HAL,HAL/MRO/05451,BS 1414 Duplex SS Check Valve 200mm 900 Socket Weld,Valves,200mm,Class 900,CD4MCu,,Galvanized,,,,,,,,,,,Socket Weld,900,,,,
CPCL,CPCL/CH/05267,HT Cable 1100V 185mm2 4C XLPE Cu,Electrical_Cable,,,,,,,,,,,,185mm2,1100V,4,Brown,,,,,,
CPCL,CPCL/CH/05176,SS316 Hex Bolt M6 x 120mm A4-80 ASTM A193,Fasteners,,,,,,,M6 x 1.0mm,A4-80,Stainless Steel 316,Hex Head,120mm,,,,,,,,,,
BPCL,BPCL/KOCHI/05530,"Pressure Transmitter 0-160 bar Class 0.5 1/2"" NPT IS 3624",Instruments,,,SS316,,,,,,,,,,,,,,,0-160 bar,Class 0.5,250mm,"1/2"" NPT"
GAIL,GAIL/PIPE/05209,Bolt ASME B18.2.1 M30x150mm SS A2-70 Full Thread,Fasteners,,,,,,,M30 x 3.5mm,A2-70,Stainless Steel,Hex Head,150mm,,,,,,,,,,
NALCO,NALCO/AL/05061,CS Pipe NB 25mm Schedule 80 ASTM A106 Seamless,Pipes,25mm,2500 psi,A53 Gr B,5.8m,Bare,5.5mm,,,,,,,,,,,,,,,
HAL,HAL/MRO/05329,PVC Insulated Aluminium Wire 4mm2 1100V IS 1554 Part 2,Electrical_Cable,,,,,,,,,,,,4mm2,1100V,1,Red,,,,,,
RINL,RINL/VSP/05513,"Pressure Transmitter 0-25 bar Class 1.0 1/2"" BSP IS 3624",Instruments,,,SS316,,,,,,,,,,,,,,,0-25 bar,Class 1.0,63mm,"1/2"" BSP"
NMDC,NMDC/ME/05291,Cu 4mm2 2C 650V XLPE IS 1554 Part 2,Electrical_Cable,,,,,,,,,,,,4mm2,650V,2,Brown,,,,,,
NLCIL,NLC/PW/05189,GI Hex Bolt M20 x 80mm 4.6 DIN 933,Fasteners,,,,,,,M20 x 2.5mm,4.6,Galvanized Iron,Flange Head,80mm,,,,,,,,,,
NLCIL,NLC/PW/05273,PVC Insulated Cu Wire 95mm2 6.6kV IS 1554,Electrical_Cable,,,,,,,,,,,,95mm2,6.6kV,3.5,Red,,,,,,
RINL,RINL/VSP/05549,"Pressure Gauge 0-250 bar 63mm 1/4"" NPT Bronze EN 837-1",Instruments,,,Bronze,,,,,,,,,,,,,,,0-250 bar,Class 1.0,63mm,"1/4"" NPT"
PGCIL,PGCIL/TL/05155,Hex Bolt M24x120mm LG SS316 A4-80 DIN 933,Fasteners,,,,,,,M24 x 3.0mm,A4-80,Stainless Steel 316,Flange Head,120mm,,,,,,,,,,
NALCO,NALCO/AL/05526,"Pressure Gauge 0-25 bar 63mm 1/2"" BSP Bronze IS 3624",Instruments,,,Bronze,,,,,,,,,,,,,,,0-25 bar,Class 1.6,63mm,"1/2"" BSP"
NMDC,NMDC/ME/05175,Hex Bolt M6x120mm LG SS316 A4-80 ASTM A193,Fasteners,,,,,,,M6 x 1.0mm,A4-80,Stainless Steel 316,Hex Head,120mm,,,,,,,,,,
IOCL,IOCL/REF/05487,"63mm Pressure Gauge 0-60 bar 1/2"" NPT Bronze",Instruments,,,Bronze,,,,,,,,,,,,,,,0-60 bar,Class 2.5,63mm,"1/2"" NPT"
SAIL,SAIL/MSP/05545,"250mm Pressure Gauge 0-25 bar 1/4"" NPT Bronze",Instruments,,,Bronze,,,,,,,,,,,,,,,0-25 bar,Class 1.0,250mm,"1/4"" NPT"
BPCL,BPCL/KOCHI/05000,Pipe MS 50mm x 10.0mm API 5L HSN-7304,Pipes,50mm,1500 psi,A106 Gr B,12m,Epoxy Coated,10.0mm,,,,,,,,,,,,,,,
HPCL,HPCL/VZ/05374,2.5mm2 Al Cable 4 Core 6.6kV IS 7098,Electrical_Cable,,,,,,,,,,,,2.5mm2,6.6kV,4,R-Y-B,,,,,,
HAL,HAL/MRO/05341,PVC Insulated Copper Wire 240mm2 1100V IS 1554,Electrical_Cable,,,,,,,,,,,,240mm2,1100V,3,Brown,,,,,,
NTPC,MAT-005335,Copper Conductor Cable 4mm2 4 Core 6.6kV Armoured,Electrical_Cable,,,,,,,,,,,,4mm2,6.6kV,4,Black,,,,,,
HPCL,HPCL/VZ/05490,"Pressure Gauge 0-250 bar 100mm 1/2"" BSP SS316 IS 3624",Instruments,,,SS316,,,,,,,,,,,,,,,0-250 bar,Class 1.0,100mm,"1/2"" BSP"
BHEL,BHE/DPW/05260,Hex Bolt M8x100mm LG GI 4.6 ASTM A193,Fasteners,,,,,,,M8 x 1.25mm,4.6,Galvanized Iron,Socket Head,100mm,,,,,,,,,,
NLCIL,NLC/PW/05342,Copper Conductor Cable 240mm2 3 Core 1100V Armoured,Electrical_Cable,,,,,,,,,,,,240mm2,1100V,3,Black,,,,,,
BPCL,BPCL/KOCHI/05224,Hex Bolt M8x60mm LG SS A2-70 ASTM A193,Fasteners,,,,,,,M8 x 1.25mm,A2-70,Stainless Steel,Hex Head,60mm,,,,,,,,,,
NLCIL,NLC/PW/05552,"Glycerin Filled Pressure Gauge 0-25 bar 100mm 1/2"" BSP Bronze",Instruments,,,Bronze,,,,,,,,,,,,,,,0-25 bar,Class 1.6,100mm,"1/2"" BSP"
ONGC,MM-50321,PVC Insulated Aluminium Wire 50mm2 6.6kV IS 7098,Electrical_Cable,,,,,,,,,,,,50mm2,6.6kV,3.5,Brown,,,,,,
CIL,CIL/SP/05055,Duplex SS Pipe NB 25mm Schedule 10 IS 1239 Seamless,Pipes,25mm,300 psi,2205,6m,Galvanized,4.0mm,,,,,,,,,,,,,,,
ONGC,MM-50446,Check Valve 150mm 900 CI Socket Weld API 6D,Valves,150mm,Class 900,IS 210 Gr FG200,,Galvanized,,,,,,,,,,,Socket Weld,900,,,,
CIL,CIL/SP/05276,HT Cable 3.3kV 6mm2 1C XLPE Aluminium,Electrical_Cable,,,,,,,,,,,,6mm2,3.3kV,1,Brown,,,,,,
HPCL,HPCL/VZ/05500,"150mm Pressure Gauge 0-250 bar 1/2"" BSP SS316",Instruments,,,SS316,,,,,,,,,,,,,,,0-250 bar,Class 1.0,150mm,"1/2"" BSP"
BHEL,BHE/DPW/05223,Bolt ASTM A193 M8x60mm SS A2-70 Full Thread,Fasteners,,,,,,,M8 x 1.25mm,A2-70,Stainless Steel,Socket Head,60mm,,,,,,,,,,
NTPC,MAT-005398,Butterfly Valve NB 50mm 1500 Lb SS316 flanged API 6D,Valves,50mm,Class 1500,CF8M,,Bare,,,,,,,,,,,Butt Weld,1500,,,,
PGCIL,PGCIL/TL/05048,API 5L SS Pipe 250mm Sch 40 SMLS,Pipes,250mm,600 psi,304,3m,Bare,10.0mm,,,,,,,,,,,,,,,
ONGC,MM-50202,Stud Bolt M8 x 30mm 8.8 DIN 933 MS,Fasteners,,,,,,,M8 x 1.25mm,8.8,Mild Steel,Flange Head,30mm,,,,,,,,,,
SAIL,SAIL/MSP/05040,SS316 Pipe NB 25mm Schedule 160 IS 1239 Seamless,Pipes,25mm,150 psi,316,6m,Painted,10.0mm,,,,,,,,,,,,,,,
IOCL,IOCL/REF/05544,"Pressure Gauge 0-10 bar 100mm 1/2"" NPT CS EN 837-1",Instruments,,,CS,,,,,,,,,,,,,,,0-10 bar,Class 1.6,100mm,"1/2"" NPT"
CIL,CIL/SP/05164,Bolt ASTM A193 M30x100mm CS 4.6 Full Thread,Fasteners,,,,,,,M30 x 3.5mm,4.6,Carbon Steel,Hex Head,100mm,,,,,,,,,,
HAL,HAL/MRO/05467,Needle Valve NB 100mm 900 Lb CI flanged API 600,Valves,100mm,Class 900,IS 210 Gr FG200,,Epoxy Coated,,,,,,,,,,,Socket Weld,900,,,,
NALCO,NALCO/AL/05179,Hex Bolt M10x60mm LG SS304 A2-80 ISO 4017,Fasteners,,,,,,,M10 x 1.5mm,A2-80,Stainless Steel 304,Flange Head,60mm,,,,,,,,,,
NLCIL,NLC/PW/05317,HT Cable 33kV 25mm2 1C XLPE Al,Electrical_Cable,,,,,,,,,,,,25mm2,33kV,1,Brown,,,,,,
BPCL,BPCL/KOCHI/05509,"Pressure Gauge 0-10 bar 250mm 1/2"" NPT SS304 EN 837-1",Instruments,,,SS304,,,,,,,,,,,,,,,0-10 bar,Class 0.5,250mm,"1/2"" NPT"
HAL,HAL/MRO/05429,Duplex SS Control Valve 40mm Class 1500 Wafer API 600,Valves,40mm,Class 1500,CD4MCu,,Galvanized,,,,,,,,,,,Wafer,1500,,,,
NMDC,NMDC/ME/05206,SS Hex Bolt M36 x 40mm A2-70 ASME B18.2.1,Fasteners,,,,,,,M36 x 4.0mm,A2-70,Stainless Steel,Flange Head,40mm,,,,,,,,,,
NALCO,NALCO/AL/05306,HT Cable 3.3kV 2.5mm2 4C XLPE Cu,Electrical_Cable,,,,,,,,,,,,2.5mm2,3.3kV,4,R-Y-B,,,,,,
ONGC,MM-50476,CI Ball Valve 300mm Class 900 Socket Weld BS 1414,Valves,300mm,Class 900,IS 210 Gr FG200,,Epoxy Coated,,,,,,,,,,,Socket Weld,900,,,,
NMDC,NMDC/ME/05505,"Pressure Gauge 0-10 bar 100mm 1/4"" NPT SS304 ASME B40.100",Instruments,,,SS304,,,,,,,,,,,,,,,0-10 bar,Class 1.6,100mm,"1/4"" NPT"
PGCIL,PGCIL/TL/05474,Duplex SS Gate Valve 600# 15mm RF ends API 600,Valves,15mm,Class 600,CD4MCu,,Bare,,,,,,,,,,,Screwed NPT,600,,,,
CIL,CIL/SP/05472,ASME B16.34 CS Butterfly Valve 250mm 600 Flanged RF,Valves,250mm,Class 600,A216 WCB,,Galvanized,,,,,,,,,,,Flanged RF,600,,,,
PGCIL,PGCIL/TL/05009,GI Pipe NB 40mm Schedule 120 IS 3589 Seamless,Pipes,40mm,900 psi,IS 1239,6m,Epoxy Coated,7.1mm,,,,,,,,,,,,,,,
ONGC,MM-50037,Pipe Alloy Steel 50mm x 10.0mm IS 1161 HSN-7304,Pipes,50mm,900 psi,P11,5.8m,Bare,10.0mm,,,,,,,,,,,,,,,
RINL,RINL/VSP/05436,Alloy Steel Check Valve 25mm Class 300 Socket Weld API 6D,Valves,25mm,Class 300,WC6,,Epoxy Coated,,,,,,,,,,,Socket Weld,300,,,,
BPCL,BPCL/KOCHI/05520,"Bourdon Tube Pressure Gauge -1 to 0 bar 250mm 1/4"" NPT ASME B40.100",Instruments,,,SS304,,,,,,,,,,,,,,,-1 to 0 bar,Class 1.0,250mm,"1/4"" NPT"
NMDC,NMDC/ME/05308,240mm2 Cu Cable 2 Core 11kV IS 694,Electrical_Cable,,,,,,,,,,,,240mm2,11kV,2,Red,,,,,,
PGCIL,PGCIL/TL/05150,Stud Bolt M8 x 50mm A2-80 ASTM A193 SS304,Fasteners,,,,,,,M8 x 1.25mm,A2-80,Stainless Steel 304,Socket Head,50mm,,,,,,,,,,
CPCL,CPCL/CH/05117,SS Seamless Pipe OD 250mm WT 5.5mm IS 1239,Pipes,250mm,600 psi,304,6m,Galvanized,5.5mm,,,,,,,,,,,,,,,
PGCIL,PGCIL/TL/05372,185mm2 Aluminium Cable 1 Core 3.3kV IEC 60502,Electrical_Cable,,,,,,,,,,,,185mm2,3.3kV,1,Brown,,,,,,
BHEL,BHE/DPW/05089,MS Seamless Pipe OD 100mm WT 10.0mm DIN 2448,Pipes,100mm,2500 psi,A106 Gr B,5.8m,Painted,10.0mm,,,,,,,,,,,,,,,
BPCL,BPCL/KOCHI/05551,"100mm Pressure Gauge 0-160 bar 1/2"" BSP CS",Instruments,,,CS,,,,,,,,,,,,,,,0-160 bar,Class 2.5,100mm,"1/2"" BSP"
NLCIL,NLC/PW/05029,GI ERW Pipe NB 100mm 80 as per DIN 2448,Pipes,100mm,300 psi,IS 1239,5.8m,Galvanized,4.0mm,,,,,,,,,,,,,,,
IOCL,IOCL/REF/05064,SS316 Seamless Pipe OD 100mm WT 8.6mm API 5L,Pipes,100mm,1500 psi,316,12m,Painted,8.6mm,,,,,,,,,,,,,,,
CPCL,CPCL/CH/05470,Needle Valve 150mm 900 Alloy Steel Screwed NPT ASME B16.34,Valves,150mm,Class 900,WC6,,Epoxy Coated,,,,,,,,,,,Screwed NPT,900,,,,
CPCL,CPCL/CH/05275,PVC Insulated Aluminium Wire 6mm2 3.3kV IEC 60502,Electrical_Cable,,,,,,,,,,,,6mm2,3.3kV,1,Black,,,,,,
CIL,CIL/SP/05514,"Pressure Transmitter 0-6 bar Class 1.0 1/4"" NPT EN 837-1",Instruments,,,Bronze,,,,,,,,,,,,,,,0-6 bar,Class 1.0,150mm,"1/4"" NPT"
NALCO,NALCO/AL/05084,ERW SS Line Pipe 100mm 40 ASTM A106,Pipes,100mm,2500 psi,304,12m,Epoxy Coated,4.0mm,,,,,,,,,,,,,,,
PGCIL,PGCIL/TL/05389,CI Ball Valve 900# 25mm RF ends BS 1414,Valves,25mm,Class 900,IS 210 Gr FG200,,Epoxy Coated,,,,,,,,,,,Butt Weld,900,,,,
NTPC,MAT-005236,Hex Hd Bolt M30 x 100mm SS304 A2-80,Fasteners,,,,,,,M30 x 3.5mm,A2-80,Stainless Steel 304,Socket Head,100mm,,,,,,,,,,
HAL,HAL/MRO/05521,"Glycerin Filled Pressure Gauge -1 to 0 bar 250mm 1/4"" NPT SS304",Instruments,,,SS304,,,,,,,,,,,,,,,-1 to 0 bar,Class 1.0,250mm,"1/4"" NPT"
BHEL,BHE/DPW/05456,SS316 Check Valve 1500# 100mm RF ends IS 778,Valves,100mm,Class 1500,CF8M,,Bare,,,,,,,,,,,Screwed NPT,1500,,,,
NMDC,NMDC/ME/05475,Control Valve NB 250mm 300 Lb Alloy Steel flanged ASME B16.34,Valves,250mm,Class 300,WC6,,Bare,,,,,,,,,,,Screwed NPT,300,,,,
GAIL,GAIL/PIPE/05090,MS ERW Pipe NB 150mm 160 as per DIN 2448,Pipes,150mm,900 psi,A106 Gr B,3m,Epoxy Coated,8.6mm,,,,,,,,,,,,,,,
SAIL,SAIL/MSP/05354,Aluminium 1.5mm2 3.5C 11kV XLPE IS 1554,Electrical_Cable,,,,,,,,,,,,1.5mm2,11kV,3.5,Brown,,,,,,
CPCL,CPCL/CH/05361,XLPE/SWA/PVC Aluminium Cable 2.5mm2 1C 3.3kV IS 1554,Electrical_Cable,,,,,,,,,,,,2.5mm2,3.3kV,1,Black,,,,,,
ONGC,MM-50008,GI Seamless Pipe OD 40mm WT 7.1mm IS 3589,Pipes,40mm,900 psi,IS 1239,5.8m,Bare,7.1mm,,,,,,,,,,,,,,,
IOCL,IOCL/REF/05320,XLPE/SWA/PVC Cu Cable 16mm2 3C 6.6kV IS 694,Electrical_Cable,,,,,,,,,,,,16mm2,6.6kV,3,Black,,,,,,
CIL,CIL/SP/05488,"Pressure Transmitter 0-6 bar Class 1.0 1/2"" BSP EN 837-1",Instruments,,,SS316,,,,,,,,,,,,,,,0-6 bar,Class 1.0,100mm,"1/2"" BSP"
HAL,HAL/MRO/05485,"Bourdon Tube Pressure Gauge 0-40 bar 63mm 3/8"" NPT IS 3624",Instruments,,,SS316,,,,,,,,,,,,,,,0-40 bar,Class 1.6,63mm,"3/8"" NPT"
ONGC,MM-50423,BS 1414 SS316 Butterfly Valve 80mm 300 Flanged RF,Valves,80mm,Class 300,CF8M,,Bare,,,,,,,,,,,Flanged RF,300,,,,
BHEL,BHE/DPW/05510,"Pressure Transmitter 0-40 bar Class 0.5 3/8"" NPT ASME B40.100",Instruments,,,SS316,,,,,,,,,,,,,,,0-40 bar,Class 0.5,250mm,"3/8"" NPT"
BHEL,BHE/DPW/05033,IS 1161 SS Pipe 65mm Sch 80 SMLS,Pipes,65mm,1500 psi,304,12m,Epoxy Coated,2.77mm,,,,,,,,,,,,,,,
SAIL,SAIL/MSP/05352,HT Cable 6.6kV 4mm2 1C XLPE Copper,Electrical_Cable,,,,,,,,,,,,4mm2,6.6kV,1,Red,,,,,,
NMDC,NMDC/ME/05231,CS Hex Bolt M36 x 60mm 4.6 ASME B18.2.1,Fasteners,,,,,,,M36 x 4.0mm,4.6,Carbon Steel,Flange Head,60mm,,,,,,,,,,
GAIL,GAIL/PIPE/05221,SS Hex Bolt M30 x 25mm A2-70 ISO 4017,Fasteners,,,,,,,M30 x 3.5mm,A2-70,Stainless Steel,Socket Head,25mm,,,,,,,,,,
HAL,HAL/MRO/05007,IS 3589 MS Pipe 250mm Sch 40 SMLS,Pipes,250mm,600 psi,A106 Gr B,12m,Epoxy Coated,5.5mm,,,,,,,,,,,,,,,
NLCIL,NLC/PW/05234,B7 Hex Bolt M6 x 100mm B7 ASTM A193,Fasteners,,,,,,,M6 x 1.0mm,B7,Alloy Steel,Hex Head,100mm,,,,,,,,,,
PGCIL,PGCIL/TL/05187,Stud Bolt M36 x 60mm A2-80 ISO 4017 SS304,Fasteners,,,,,,,M36 x 4.0mm,A2-80,Stainless Steel 304,Hex Head,60mm,,,,,,,,,,
RINL,RINL/VSP/05049,Pipe SS 250mm x 10.0mm API 5L HSN-7304,Pipes,250mm,600 psi,304,3m,Galvanized,10.0mm,,,,,,,,,,,,,,,
NALCO,NALCO/AL/05453,Butterfly Valve 300mm 150 Alloy Steel Screwed NPT IS 778,Valves,300mm,Class 150,WC6,,Bare,,,,,,,,,,,Screwed NPT,150,,,,
NALCO,NALCO/AL/05370,Copper 4mm2 3C 11kV XLPE IS 1554,Electrical_Cable,,,,,,,,,,,,4mm2,11kV,3,Brown,,,,,,
NLCIL,NLC/PW/05484,"Pressure Gauge 0-40 bar 63mm 3/8"" NPT SS316 IS 3624",Instruments,,,SS316,,,,,,,,,,,,,,,0-40 bar,Class 1.6,63mm,"3/8"" NPT"
HPCL,HPCL/VZ/05439,Alloy Steel Check Valve 50mm Class 300 Screwed NPT BS 1414,Valves,50mm,Class 300,WC6,,Epoxy Coated,,,,,,,,,,,Screwed NPT,300,,,,
HPCL,HPCL/VZ/05144,IS 1239 CS Pipe 50mm Sch XXS SMLS,Pipes,50mm,900 psi,A53 Gr B,12m,Painted,10.0mm,,,,,,,,,,,,,,,
SAIL,SAIL/MSP/05512,"Bourdon Tube Pressure Gauge 0-25 bar 63mm 1/2"" BSP IS 3624",Instruments,,,SS316,,,,,,,,,,,,,,,0-25 bar,Class 1.0,63mm,"1/2"" BSP"
CIL,CIL/SP/05030,MS Pipe NB 200mm Schedule XXS IS 1239 Seamless,Pipes,200mm,1500 psi,A106 Gr B,6m,Galvanized,5.5mm,,,,,,,,,,,,,,,
PGCIL,PGCIL/TL/05322,HT Cable 6.6kV 50mm2 3.5C XLPE Aluminium,Electrical_Cable,,,,,,,,,,,,50mm2,6.6kV,3.5,Red,,,,,,
HAL,HAL/MRO/05313,HT Cable 1100V 95mm2 3C XLPE Copper,Electrical_Cable,,,,,,,,,,,,95mm2,1100V,3,R-Y-B,,,,,,
IOCL,IOCL/REF/05139,API 5L Alloy Steel Pipe 200mm Sch 10 SMLS,Pipes,200mm,1500 psi,P11,5.8m,Painted,4.0mm,,,,,,,,,,,,,,,
ONGC,MM-50256,Hex Bolt M6x80mm LG B7 B7 IS 1364,Fasteners,,,,,,,M6 x 1.0mm,B7,Alloy Steel,Socket Head,80mm,,,,,,,,,,
NTPC,MAT-005533,"Glycerin Filled Pressure Gauge 0-60 bar 63mm 1/2"" NPT SS304",Instruments,,,SS304,,,,,,,,,,,,,,,0-60 bar,Class 1.0,63mm,"1/2"" NPT"
CPCL,CPCL/CH/05113,SS316 Seamless Pipe OD 50mm WT 8.6mm ASTM A53,Pipes,50mm,2500 psi,316,5.8m,Bare,8.6mm,,,,,,,,,,,,,,,
NLCIL,NLC/PW/05041,SS316 Pipe 25mm NB Medium Class IS 1239,Pipes,25mm,150 psi,316,6m,Painted,10.0mm,,,,,,,,,,,,,,,
NTPC,MAT-005115,Pipe Duplex SS 20mm x 7.1mm API 5L HSN-7304,Pipes,20mm,600 psi,2205,5.8m,Painted,7.1mm,,,,,,,,,,,,,,,
NMDC,NMDC/ME/05059,Pipe SS316 15mm x 10.0mm DIN 2448 HSN-7304,Pipes,15mm,300 psi,316,12m,Painted,10.0mm,,,,,,,,,,,,,,,
SAIL,SAIL/MSP/05435,Check Valve NB 25mm 300 Lb Alloy Steel flanged API 6D,Valves,25mm,Class 300,WC6,,Epoxy Coated,,,,,,,,,,,Socket Weld,300,,,,
HAL,HAL/MRO/05126,ERW GI Line Pipe 15mm 20 IS 3589,Pipes,15mm,900 psi,IS 1239,5.8m,Painted,8.6mm,,,,,,,,,,,,,,,
CPCL,CPCL/CH/05264,Hex Bolt M30x30mm LG CS 4.6 ASTM A193,Fasteners,,,,,,,M30 x 3.5mm,4.6,Carbon Steel,Socket Head,30mm,,,,,,,,,,
RINL,RINL/VSP/05151,Bolt ASME B18.2.1 M36x60mm CS 4.6 Full Thread,Fasteners,,,,,,,M36 x 4.0mm,4.6,Carbon Steel,Socket Head,60mm,,,,,,,,,,
PGCIL,PGCIL/TL/05032,SS Pipe 65mm NB Medium Class IS 1161,Pipes,65mm,1500 psi,304,5.8m,Painted,2.77mm,,,,,,,,,,,,,,,
PGCIL,PGCIL/TL/05157,Stud Bolt M16 x 100mm 4.6 IS 1364 GI,Fasteners,,,,,,,M16 x 2.0mm,4.6,Galvanized Iron,Flange Head,100mm,,,,,,,,,,
PGCIL,PGCIL/TL/05353,XLPE/SWA/PVC Aluminium Cable 1.5mm2 3.5C 11kV IS 1554,Electrical_Cable,,,,,,,,,,,,1.5mm2,11kV,3.5,R-Y-B,,,,,,
NTPC,MAT-005478,Globe Valve NB 50mm 600 Lb Alloy Steel flanged ASME B16.34,Valves,50mm,Class 600,WC6,,Epoxy Coated,,,,,,,,,,,Flanged RF,600,,,,
PGCIL,PGCIL/TL/05396,Alloy Steel Check Valve 600# 250mm RF ends BS 1414,Valves,250mm,Class 600,WC6,,Galvanized,,,,,,,,,,,Socket Weld,600,,,,
IOCL,IOCL/REF/05186,Hex Hd Bolt M30 x 60mm GI 4.6,Fasteners,,,,,,,M30 x 3.5mm,4.6,Galvanized Iron,Socket Head,60mm,,,,,,,,,,
NMDC,NMDC/ME/05240,Hex Hd Bolt M10 x 100mm SS A2-70,Fasteners,,,,,,,M10 x 1.5mm,A2-70,Stainless Steel,Socket Head,100mm,,,,,,,,,,
CIL,CIL/SP/05357,Copper Conductor Cable 25mm2 3 Core 650V Armoured,Electrical_Cable,,,,,,,,,,,,25mm2,650V,3,R-Y-B,,,,,,
IOCL,IOCL/REF/05088,MS Pipe 100mm NB Light Class DIN 2448,Pipes,100mm,2500 psi,A106 Gr B,5.8m,Epoxy Coated,10.0mm,,,,,,,,,,,,,,,
NTPC,MAT-005391,Alloy Steel Globe Valve 250mm Class 300 Screwed NPT BS 1414,Valves,250mm,Class 300,WC6,,Bare,,,,,,,,,,,Screwed NPT,300,,,,
ONGC,MM-50325,HT Cable 1100V 240mm2 3.5C XLPE Al,Electrical_Cable,,,,,,,,,,,,240mm2,1100V,3.5,Brown,,,,,,
NALCO,NALCO/AL/05078,CS Pipe 80mm NB Light Class API 5L,Pipes,80mm,2500 psi,A53 Gr B,6m,Painted,8.6mm,,,,,,,,,,,,,,,
GAIL,GAIL/PIPE/05506,"100mm Pressure Gauge 0-40 bar 3/8"" NPT CS",Instruments,,,CS,,,,,,,,,,,,,,,0-40 bar,Class 1.6,100mm,"3/8"" NPT"
RINL,RINL/VSP/05103,CS Pipe 150mm NB Light Class ASTM A106,Pipes,150mm,1500 psi,A53 Gr B,3m,Galvanized,8.6mm,,,,,,,,,,,,,,,
BPCL,BPCL/KOCHI/05246,Bolt IS 1364 M30x40mm MS 8.8 Full Thread,Fasteners,,,,,,,M30 x 3.5mm,8.8,Mild Steel,Flange Head,40mm,,,,,,,,,,
CIL,CIL/SP/05539,"Bourdon Tube Pressure Gauge 0-250 bar 63mm 1/4"" NPT IS 3624",Instruments,,,SS304,,,,,,,,,,,,,,,0-250 bar,Class 1.0,63mm,"1/4"" NPT"
RINL,RINL/VSP/05366,XLPE/SWA/PVC Al Cable 35mm2 2C 33kV IS 694,Electrical_Cable,,,,,,,,,,,,35mm2,33kV,2,Brown,,,,,,
BHEL,BHE/DPW/05255,Hex Bolt M6x150mm LG B7 B7 DIN 933,Fasteners,,,,,,,M6 x 1.0mm,B7,Alloy Steel,Hex Head,150mm,,,,,,,,,,
NALCO,NALCO/AL/05448,Duplex SS Needle Valve 1500# 100mm RF ends API 6D,Valves,100mm,Class 1500,CD4MCu,,Galvanized,,,,,,,,,,,Wafer,1500,,,,
CIL,CIL/SP/05284,PVC Insulated Aluminium Wire 120mm2 650V IS 1554,Electrical_Cable,,,,,,,,,,,,120mm2,650V,4,Brown,,,,,,
CPCL,CPCL/CH/05416,IS 778 CS Gate Valve 100mm 300 Wafer,Valves,100mm,Class 300,A216 WCB,,Bare,,,,,,,,,,,Wafer,300,,,,
SAIL,SAIL/MSP/05440,Check Valve NB 50mm 300 Lb Alloy Steel flanged BS 1414,Valves,50mm,Class 300,WC6,,Bare,,,,,,,,,,,Screwed NPT,300,,,,
CIL,CIL/SP/05245,Bolt DIN 933 M20x150mm SS304 A2-80 Full Thread,Fasteners,,,,,,,M20 x 2.5mm,A2-80,Stainless Steel 304,Hex Head,150mm,,,,,,,,,,
RINL,RINL/VSP/05201,Hex Hd Bolt M8 x 30mm MS 8.8,Fasteners,,,,,,,M8 x 1.25mm,8.8,Mild Steel,Socket Head,30mm,,,,,,,,,,
HPCL,HPCL/VZ/05529,"Pressure Gauge 0-25 bar 100mm 1/2"" BSP CS EN 837-1",Instruments,,,CS,,,,,,,,,,,,,,,0-25 bar,Class 0.5,100mm,"1/2"" BSP"
NMDC,NMDC/ME/05369,Cu Conductor Cable 120mm2 3 Core 6.6kV Armoured,Electrical_Cable,,,,,,,,,,,,120mm2,6.6kV,3,Black,,,,,,
NALCO,NALCO/AL/05299,PVC Insulated Al Wire 6mm2 33kV IS 7098,Electrical_Cable,,,,,,,,,,,,6mm2,33kV,3,Red,,,,,,
NLCIL,NLC/PW/05011,SS316 Pipe NB 25mm Schedule 20 IS 1161 Seamless,Pipes,25mm,900 psi,316,3m,Epoxy Coated,2.77mm,,,,,,,,,,,,,,,
PGCIL,PGCIL/TL/05363,XLPE/SWA/PVC Cu Cable 1.5mm2 2C 33kV IS 1554,Electrical_Cable,,,,,,,,,,,,1.5mm2,33kV,2,R-Y-B,,,,,,
GAIL,GAIL/PIPE/05524,"Bourdon Tube Pressure Gauge 0-25 bar 100mm 1/2"" NPT ASME B40.100",Instruments,,,Bronze,,,,,,,,,,,,,,,0-25 bar,Class 2.5,100mm,"1/2"" NPT"
HPCL,HPCL/VZ/05381,PVC Insulated Al Wire 240mm2 1100V IS 694,Electrical_Cable,,,,,,,,,,,,240mm2,1100V,1,Red,,,,,,
GAIL,GAIL/PIPE/05095,ERW SS Line Pipe 300mm 20 ASTM A53,Pipes,300mm,900 psi,304,6m,Painted,4.0mm,,,,,,,,,,,,,,,
NTPC,MAT-005132,ASTM A106 CS Pipe 200mm Sch 40 SMLS,Pipes,200mm,150 psi,A53 Gr B,3m,Bare,2.77mm,,,,,,,,,,,,,,,
NMDC,NMDC/ME/05454,Butterfly Valve NB 300mm 150 Lb Alloy Steel flanged IS 778,Valves,300mm,Class 150,WC6,,Bare,,,,,,,,,,,Screwed NPT,150,,,,
HPCL,HPCL/VZ/05252,SS Hex Bolt M10 x 60mm A2-70 ASTM A193,Fasteners,,,,,,,M10 x 1.5mm,A2-70,Stainless Steel,Flange Head,60mm,,,,,,,,,,
IOCL,IOCL/REF/05511,"Pressure Gauge 0-40 bar 250mm 3/8"" NPT SS316 ASME B40.100",Instruments,,,SS316,,,,,,,,,,,,,,,0-40 bar,Class 0.5,250mm,"3/8"" NPT"
SAIL,SAIL/MSP/05141,Pipe Alloy Steel 80mm x 8.6mm ASTM A106 HSN-7304,Pipes,80mm,1500 psi,P11,12m,Bare,8.6mm,,,,,,,,,,,,,,,
ONGC,MM-50442,Needle Valve 250mm 150 Alloy Steel Socket Weld API 6D,Valves,250mm,Class 150,WC6,,Epoxy Coated,,,,,,,,,,,Socket Weld,150,,,,
NALCO,NALCO/AL/05142,MS Pipe 25mm NB Light Class DIN 2448,Pipes,25mm,150 psi,A106 Gr B,6m,Epoxy Coated,4.0mm,,,,,,,,,,,,,,,
BPCL,BPCL/KOCHI/05028,GI Pipe NB 100mm Schedule 80 DIN 2448 Seamless,Pipes,100mm,300 psi,IS 1239,6m,Epoxy Coated,4.0mm,,,,,,,,,,,,,,,
CPCL,CPCL/CH/05121,Pipe SS316 300mm x 5.5mm DIN 2448 HSN-7304,Pipes,300mm,2500 psi,316,6m,Galvanized,5.5mm,,,,,,,,,,,,,,,
NMDC,NMDC/ME/05528,"Bourdon Tube Pressure Gauge 0-25 bar 100mm 1/2"" BSP EN 837-1",Instruments,,,CS,,,,,,,,,,,,,,,0-25 bar,Class 0.5,100mm,"1/2"" BSP"
HPCL,HPCL/VZ/05486,"Bourdon Tube Pressure Gauge 0-60 bar 63mm 1/2"" NPT IS 3624",Instruments,,,Bronze,,,,,,,,,,,,,,,0-60 bar,Class 2.5,63mm,"1/2"" NPT"
HPCL,HPCL/VZ/05422,SS316 Ball Valve 150mm Class 600 Socket Weld ASME B16.34,Valves,150mm,Class 600,CF8M,,Bare,,,,,,,,,,,Socket Weld,600,,,,
BHEL,BHE/DPW/05333,Al Conductor Cable 4mm2 3.5 Core 650V Armoured,Electrical_Cable,,,,,,,,,,,,4mm2,650V,3.5,Black,,,,,,
NTPC,MAT-005393,Gate Valve NB 200mm 300 Lb Duplex SS flanged ASME B16.34,Valves,200mm,Class 300,CD4MCu,,Epoxy Coated,,,,,,,,,,,Butt Weld,300,,,,
HAL,HAL/MRO/05128,IS 1239 GI Pipe 50mm Sch 120 SMLS,Pipes,50mm,300 psi,IS 1239,6m,Bare,7.1mm,,,,,,,,,,,,,,,
PGCIL,PGCIL/TL/05066,Pipe MS 250mm x 3.4mm IS 1161 HSN-7304,Pipes,250mm,1500 psi,A106 Gr B,3m,Painted,3.4mm,,,,,,,,,,,,,,,
PGCIL,PGCIL/TL/05147,GI Hex Bolt M6 x 50mm 4.6 IS 1364,Fasteners,,,,,,,M6 x 1.0mm,4.6,Galvanized Iron,Hex Head,50mm,,,,,,,,,,
SAIL,SAIL/MSP/05163,Stud Bolt M30 x 100mm 4.6 ASTM A193 CS,Fasteners,,,,,,,M30 x 3.5mm,4.6,Carbon Steel,Hex Head,100mm,,,,,,,,,,
NTPC,MAT-005118,GI Pipe NB 32mm Schedule 80 IS 3589 Seamless,Pipes,32mm,600 psi,IS 1239,3m,Painted,7.1mm,,,,,,,,,,,,,,,
CPCL,CPCL/CH/05286,Cu 10mm2 3C 650V XLPE IS 7098,Electrical_Cable,,,,,,,,,,,,10mm2,650V,3,Black,,,,,,
NTPC,MAT-005542,"Pressure Gauge 0-60 bar 150mm 1/2"" BSP CS IS 3624",Instruments,,,CS,,,,,,,,,,,,,,,0-60 bar,Class 2.5,150mm,"1/2"" BSP"
HAL,HAL/MRO/05289,XLPE/SWA/PVC Al Cable 95mm2 4C 6.6kV IS 694,Electrical_Cable,,,,,,,,,,,,95mm2,6.6kV,4,R-Y-B,,,,,,
HAL,HAL/MRO/05414,Alloy Steel Control Valve 300mm Class 600 Wafer API 6D,Valves,300mm,Class 600,WC6,,Epoxy Coated,,,,,,,,,,,Wafer,600,,,,
CPCL,CPCL/CH/05222,Hex Bolt M30x25mm LG SS A2-70 ISO 4017,Fasteners,,,,,,,M30 x 3.5mm,A2-70,Stainless Steel,Hex Head,25mm,,,,,,,,,,
HAL,HAL/MRO/05080,IS 1239 SS Pipe 25mm Sch XXS SMLS,Pipes,25mm,1500 psi,304,12m,Bare,4.0mm,,,,,,,,,,,,,,,
IOCL,IOCL/REF/05034,ERW SS Line Pipe 80mm 40 DIN 2448,Pipes,80mm,300 psi,304,3m,Bare,5.5mm,,,,,,,,,,,,,,,
BPCL,BPCL/KOCHI/05031,MS Seamless Pipe OD 200mm WT 5.5mm IS 1239,Pipes,200mm,1500 psi,A106 Gr B,5.8m,Epoxy Coated,5.5mm,,,,,,,,,,,,,,,
CPCL,CPCL/CH/05019,IS 1161 SS Pipe 20mm Sch 160 SMLS,Pipes,20mm,300 psi,304,6m,Galvanized,5.5mm,,,,,,,,,,,,,,,
RINL,RINL/VSP/05315,HT Cable 3.3kV 10mm2 3.5C XLPE Aluminium,Electrical_Cable,,,,,,,,,,,,10mm2,3.3kV,3.5,Brown,,,,,,
SAIL,SAIL/MSP/05312,PVC Insulated Aluminium Wire 35mm2 6.6kV IS 1554,Electrical_Cable,,,,,,,,,,,,35mm2,6.6kV,1,Red,,,,,,
NMDC,NMDC/ME/05152,CS Hex Bolt M36 x 60mm 4.6 ASME B18.2.1,Fasteners,,,,,,,M36 x 4.0mm,4.6,Carbon Steel,Hex Head,60mm,,,,,,,,,,
ONGC,MM-50497,"Pressure Gauge 0-6 bar 100mm 1/2"" NPT SS304 ASME B40.100",Instruments,,,SS304,,,,,,,,,,,,,,,0-6 bar,Class 1.0,100mm,"1/2"" NPT"
BPCL,BPCL/KOCHI/05449,API 600 CS Check Valve 200mm 150 Wafer,Valves,200mm,Class 150,A216 WCB,,Epoxy Coated,,,,,,,,,,,Wafer,150,,,,
BHEL,BHE/DPW/05107,GI ERW Pipe NB 20mm 160 as per API 5L,Pipes,20mm,900 psi,IS 1239,6m,Bare,5.5mm,,,,,,,,,,,,,,,
ONGC,MM-50437,Needle Valve 200mm 300 CS Flanged RF ASME B16.34,Valves,200mm,Class 300,A216 WCB,,Galvanized,,,,,,,,,,,Flanged RF,300,,,,
HAL,HAL/MRO/05010,IS 1161 SS316 Pipe 25mm Sch 20 SMLS,Pipes,25mm,900 psi,316,3m,Epoxy Coated,2.77mm,,,,,,,,,,,,,,,
NALCO,NALCO/AL/05377,PVC Insulated Cu Wire 300mm2 1100V IS 7098,Electrical_Cable,,,,,,,,,,,,300mm2,1100V,3,Red,,,,,,
CPCL,CPCL/CH/05296,Copper 185mm2 3C 6.6kV XLPE IS 1554,Electrical_Cable,,,,,,,,,,,,185mm2,6.6kV,3,R-Y-B,,,,,,
HAL,HAL/MRO/05226,Hex Bolt M24x30mm LG SS A2-70 IS 1364,Fasteners,,,,,,,M24 x 3.0mm,A2-70,Stainless Steel,Socket Head,30mm,,,,,,,,,,
CPCL,CPCL/CH/05432,API 600 SS316 Needle Valve 250mm 900 Butt Weld,Valves,250mm,Class 900,CF8M,,Galvanized,,,,,,,,,,,Butt Weld,900,,,,
ONGC,MM-50430,API 600 Duplex SS Control Valve 40mm 1500 Wafer,Valves,40mm,Class 1500,CD4MCu,,Bare,,,,,,,,,,,Wafer,1500,,,,
NMDC,NMDC/ME/05148,Bolt IS 1364 M6x50mm GI 4.6 Full Thread,Fasteners,,,,,,,M6 x 1.0mm,4.6,Galvanized Iron,Hex Head,50mm,,,,,,,,,,
IOCL,IOCL/REF/05403,CI Globe Valve 40mm Class 1500 Screwed NPT IS 778,Valves,40mm,Class 1500,IS 210 Gr FG200,,Galvanized,,,,,,,,,,,Screwed NPT,1500,,,,
CPCL,CPCL/CH/05085,SS Pipe 100mm NB Heavy Class ASTM A106,Pipes,100mm,2500 psi,304,6m,Bare,4.0mm,,,,,,,,,,,,,,,
SAIL,SAIL/MSP/05287,PVC Insulated Al Wire 120mm2 33kV IS 1554,Electrical_Cable,,,,,,,,,,,,120mm2,33kV,2,Red,,,,,,
NMDC,NMDC/ME/05434,CS Globe Valve 1500# 200mm RF ends API 600,Valves,200mm,Class 1500,A216 WCB,,Bare,,,,,,,,,,,Screwed NPT,1500,,,,
RINL,RINL/VSP/05094,SS Seamless Pipe OD 300mm WT 4.0mm ASTM A53,Pipes,300mm,900 psi,304,6m,Epoxy Coated,4.0mm,,,,,,,,,,,,,,,
NALCO,NALCO/AL/05249,Hex Bolt M36x100mm LG GI 4.6 ISO 4017,Fasteners,,,,,,,M36 x 4.0mm,4.6,Galvanized Iron,Hex Head,100mm,,,,,,,,,,
NALCO,NALCO/AL/05241,SS304 Hex Bolt M24 x 60mm A2-80 ASTM A193,Fasteners,,,,,,,M24 x 3.0mm,A2-80,Stainless Steel 304,Hex Head,60mm,,,,,,,,,,
BHEL,BHE/DPW/05272,HT Cable 6.6kV 50mm2 1C XLPE Cu,Electrical_Cable,,,,,,,,,,,,50mm2,6.6kV,1,Brown,,,,,,
GAIL,GAIL/PIPE/05426,Control Valve NB 200mm 600 Lb SS316 flanged API 6D,Valves,200mm,Class 600,CF8M,,Epoxy Coated,,,,,,,,,,,Socket Weld,600,,,,
NMDC,NMDC/ME/05424,SS316 Butterfly Valve 300# 80mm RF ends BS 1414,Valves,80mm,Class 300,CF8M,,Bare,,,,,,,,,,,Flanged RF,300,,,,
SAIL,SAIL/MSP/05501,"Pressure Gauge 0-250 bar 150mm 1/2"" BSP SS316 ASME B40.100",Instruments,,,SS316,,,,,,,,,,,,,,,0-250 bar,Class 1.0,150mm,"1/2"" BSP"
NALCO,NALCO/AL/05445,Check Valve NB 150mm 900 Lb CI flanged API 6D,Valves,150mm,Class 900,IS 210 Gr FG200,,Galvanized,,,,,,,,,,,Socket Weld,900,,,,
CIL,CIL/SP/05047,SS316 Pipe NB 200mm Schedule 160 ASTM A53 Seamless,Pipes,200mm,150 psi,316,12m,Bare,10.0mm,,,,,,,,,,,,,,,
CPCL,CPCL/CH/05420,CI Globe Valve 200mm Class 300 Butt Weld API 6D,Valves,200mm,Class 300,IS 210 Gr FG200,,Bare,,,,,,,,,,,Butt Weld,300,,,,
NLCIL,NLC/PW/05443,Check Valve NB 25mm 600 Lb SS316 flanged API 6D,Valves,25mm,Class 600,CF8M,,Bare,,,,,,,,,,,Butt Weld,600,,,,
RINL,RINL/VSP/05076,GI Seamless Pipe OD 100mm WT 8.6mm API 5L,Pipes,100mm,600 psi,IS 1239,5.8m,Epoxy Coated,8.6mm,,,,,,,,,,,,,,,
PGCIL,PGCIL/TL/05340,HT Cable 6.6kV 2.5mm2 3.5C XLPE Al,Electrical_Cable,,,,,,,,,,,,2.5mm2,6.6kV,3.5,R-Y-B,,,,,,
IOCL,IOCL/REF/05402,Check Valve 80mm 900 Alloy Steel Flanged RF BS 1414,Valves,80mm,Class 900,WC6,,Bare,,,,,,,,,,,Flanged RF,900,,,,
NALCO,NALCO/AL/05392,Globe Valve 250mm 300 Alloy Steel Screwed NPT BS 1414,Valves,250mm,Class 300,WC6,,Bare,,,,,,,,,,,Screwed NPT,300,,,,
HAL,HAL/MRO/05001,ERW MS Line Pipe 50mm 120 API 5L,Pipes,50mm,1500 psi,A106 Gr B,12m,Galvanized,10.0mm,,,,,,,,,,,,,,,
RINL,RINL/VSP/05058,SS316 Pipe 15mm NB Light Class DIN 2448,Pipes,15mm,300 psi,316,5.8m,Painted,10.0mm,,,,,,,,,,,,,,,
CPCL,CPCL/CH/05491,"100mm Pressure Gauge 0-250 bar 1/2"" BSP SS316",Instruments,,,SS316,,,,,,,,,,,,,,,0-250 bar,Class 1.0,100mm,"1/2"" BSP"
HAL,HAL/MRO/05230,Bolt ISO 4017 M12x25mm B7 B7 Full Thread,Fasteners,,,,,,,M12 x 1.75mm,B7,Alloy Steel,Socket Head,25mm,,,,,,,,,,
NTPC,MAT-005295,185mm2 Copper Cable 3 Core 6.6kV IS 1554,Electrical_Cable,,,,,,,,,,,,185mm2,6.6kV,3,Red,,,,,,
HPCL,HPCL/VZ/05216,Hex Hd Bolt M36 x 30mm SS304 A2-80,Fasteners,,,,,,,M36 x 4.0mm,A2-80,Stainless Steel 304,Hex Head,30mm,,,,,,,,,,
GAIL,GAIL/PIPE/05554,"Pressure Transmitter 0-60 bar Class 1.6 3/8"" NPT EN 837-1",Instruments,,,CS,,,,,,,,,,,,,,,0-60 bar,Class 1.6,63mm,"3/8"" NPT"
BPCL,BPCL/KOCHI/05177,Hex Bolt M8x60mm LG SS316 A4-80 ASME B18.2.1,Fasteners,,,,,,,M8 x 1.25mm,A4-80,Stainless Steel 316,Socket Head,60mm,,,,,,,,,,
NTPC,MAT-005188,Hex Bolt M36x60mm LG SS304 A2-80 ISO 4017,Fasteners,,,,,,,M36 x 4.0mm,A2-80,Stainless Steel 304,Hex Head,60mm,,,,,,,,,,
HAL,HAL/MRO/05063,Pipe SS 50mm x 3.4mm ASTM A53 HSN-7304,Pipes,50mm,1500 psi,304,6m,Epoxy Coated,3.4mm,,,,,,,,,,,,,,,
CPCL,CPCL/CH/05385,BS 1414 Alloy Steel Butterfly Valve 200mm 1500 Socket Weld,Valves,200mm,Class 1500,WC6,,Epoxy Coated,,,,,,,,,,,Socket Weld,1500,,,,
ONGC,MM-50547,"Pressure Gauge 0-60 bar 100mm 1/4"" NPT SS304 ASME B40.100",Instruments,,,SS304,,,,,,,,,,,,,,,0-60 bar,Class 1.6,100mm,"1/4"" NPT"
CIL,CIL/SP/05301,Cu Conductor Cable 185mm2 3 Core 650V Armoured,Electrical_Cable,,,,,,,,,,,,185mm2,650V,3,R-Y-B,,,,,,
GAIL,GAIL/PIPE/05483,"Pressure Transmitter 0-40 bar Class 2.5 1/2"" BSP ASME B40.100",Instruments,,,SS304,,,,,,,,,,,,,,,0-40 bar,Class 2.5,100mm,"1/2"" BSP"
NTPC,MAT-005499,"Glycerin Filled Pressure Gauge 0-60 bar 100mm 1/2"" BSP CS",Instruments,,,CS,,,,,,,,,,,,,,,0-60 bar,Class 0.5,100mm,"1/2"" BSP"
NTPC,MAT-005197,Bolt IS 1364 M8x50mm MS 8.8 Full Thread,Fasteners,,,,,,,M8 x 1.25mm,8.8,Mild Steel,Flange Head,50mm,,,,,,,,,,
IOCL,IOCL/REF/05130,IS 1239 SS Pipe 20mm Sch 20 SMLS,Pipes,20mm,600 psi,304,6m,Painted,3.4mm,,,,,,,,,,,,,,,
NLCIL,NLC/PW/05427,Globe Valve NB 80mm 600 Lb Alloy Steel flanged ASME B16.34,Valves,80mm,Class 600,WC6,,Galvanized,,,,,,,,,,,Flanged RF,600,,,,
PGCIL,PGCIL/TL/05489,"Bourdon Tube Pressure Gauge 0-6 bar 100mm 1/2"" BSP EN 837-1",Instruments,,,SS316,,,,,,,,,,,,,,,0-6 bar,Class 1.0,100mm,"1/2"" BSP"
HAL,HAL/MRO/05116,SS Pipe 250mm NB Heavy Class IS 1239,Pipes,250mm,600 psi,304,3m,Epoxy Coated,5.5mm,,,,,,,,,,,,,,,
BHEL,BHE/DPW/05101,SS316 Pipe NB 100mm Schedule 20 DIN 2448 Seamless,Pipes,100mm,1500 psi,316,12m,Galvanized,3.4mm,,,,,,,,,,,,,,,
CPCL,CPCL/CH/05466,Alloy Steel Control Valve 200mm Class 600 Flanged RF API 6D,Valves,200mm,Class 600,WC6,,Epoxy Coated,,,,,,,,,,,Flanged RF,600,,,,
CIL,CIL/SP/05290,Al 95mm2 4C 6.6kV XLPE IS 694,Electrical_Cable,,,,,,,,,,,,95mm2,6.6kV,4,Brown,,,,,,
GAIL,GAIL/PIPE/05149,Bolt ASTM A193 M8x50mm SS304 A2-80 Full Thread,Fasteners,,,,,,,M8 x 1.25mm,A2-80,Stainless Steel 304,Flange Head,50mm,,,,,,,,,,
NMDC,NMDC/ME/05020,CS ERW Pipe NB 20mm 10 as per IS 1161,Pipes,20mm,1500 psi,A53 Gr B,3m,Epoxy Coated,7.1mm,,,,,,,,,,,,,,,
CPCL,CPCL/CH/05229,B7 Hex Bolt M12 x 25mm B7 ISO 4017,Fasteners,,,,,,,M12 x 1.75mm,B7,Alloy Steel,Flange Head,25mm,,,,,,,,,,
GAIL,GAIL/PIPE/05480,"250mm Pressure Gauge 0-100 bar 1/2"" NPT Bronze",Instruments,,,Bronze,,,,,,,,,,,,,,,0-100 bar,Class 1.6,250mm,"1/2"" NPT"
NLCIL,NLC/PW/05004,Pipe SS 50mm x 8.6mm DIN 2448 HSN-7304,Pipes,50mm,900 psi,304,3m,Painted,8.6mm,,,,,,,,,,,,,,,
IOCL,IOCL/REF/05098,Pipe Duplex SS 40mm x 5.5mm IS 1161 HSN-7304,Pipes,40mm,1500 psi,2205,5.8m,Bare,5.5mm,,,,,,,,,,,,,,,
CIL,CIL/SP/05135,Pipe SS316 200mm x 3.4mm ASTM A106 HSN-7304,Pipes,200mm,1500 psi,316,3m,Epoxy Coated,3.4mm,,,,,,,,,,,,,,,
NMDC,NMDC/ME/05171,Hex Hd Bolt M10 x 30mm SS A2-70,Fasteners,,,,,,,M10 x 1.5mm,A2-70,Stainless Steel,Socket Head,30mm,,,,,,,,,,
NLCIL,NLC/PW/05238,Stud Bolt M12 x 60mm 4.6 IS 1364 CS,Fasteners,,,,,,,M12 x 1.75mm,4.6,Carbon Steel,Socket Head,60mm,,,,,,,,,,
BHEL,BHE/DPW/05464,CI Gate Valve 1500# 80mm RF ends BS 1414,Valves,80mm,Class 1500,IS 210 Gr FG200,,Epoxy Coated,,,,,,,,,,,Flanged RF,1500,,,,
BPCL,BPCL/KOCHI/05462,Gate Valve 25mm 1500 Duplex SS Butt Weld API 6D,Valves,25mm,Class 1500,CD4MCu,,Epoxy Coated,,,,,,,,,,,Butt Weld,1500,,,,
HPCL,HPCL/VZ/05253,Bolt IS 1364 M8x150mm SS304 A2-80 Full Thread,Fasteners,,,,,,,M8 x 1.25mm,A2-80,Stainless Steel 304,Socket Head,150mm,,,,,,,,,,
BPCL,BPCL/KOCHI/05400,CI Ball Valve 100mm Class 150 Flanged RF BS 1414,Valves,100mm,Class 150,IS 210 Gr FG200,,Epoxy Coated,,,,,,,,,,,Flanged RF,150,,,,
NTPC,MAT-005543,"Glycerin Filled Pressure Gauge 0-25 bar 100mm 1/2"" NPT Bronze",Instruments,,,Bronze,,,,,,,,,,,,,,,0-25 bar,Class 0.5,100mm,"1/2"" NPT"
CPCL,CPCL/CH/05083,IS 3589 SS Pipe 20mm Sch XXS SMLS,Pipes,20mm,2500 psi,304,5.8m,Bare,8.6mm,,,,,,,,,,,,,,,
ONGC,MM-50012,Duplex SS Seamless Pipe OD 65mm WT 10.0mm ASTM A53,Pipes,65mm,900 psi,2205,12m,Epoxy Coated,10.0mm,,,,,,,,,,,,,,,
NTPC,MAT-005258,Bolt IS 1364 M30x50mm CS 4.6 Full Thread,Fasteners,,,,,,,M30 x 3.5mm,4.6,Carbon Steel,Socket Head,50mm,,,,,,,,,,
ONGC,MM-50493,"Bourdon Tube Pressure Gauge 0-160 bar 150mm 3/8"" NPT EN 837-1",Instruments,,,Bronze,,,,,,,,,,,,,,,0-160 bar,Class 2.5,150mm,"3/8"" NPT"
NMDC,NMDC/ME/05336,HT Cable 6.6kV 4mm2 4C XLPE Copper,Electrical_Cable,,,,,,,,,,,,4mm2,6.6kV,4,Red,,,,,,
HAL,HAL/MRO/05002,ERW MS Line Pipe 150mm 10 ASTM A53,Pipes,150mm,150 psi,A106 Gr B,12m,Painted,10.0mm,,,,,,,,,,,,,,,
PGCIL,PGCIL/TL/05263,Hex Hd Bolt M12 x 25mm MS 8.8,Fasteners,,,,,,,M12 x 1.75mm,8.8,Mild Steel,Socket Head,25mm,,,,,,,,,,
BHEL,BHE/DPW/05365,HT Cable 11kV 70mm2 3C XLPE Copper,Electrical_Cable,,,,,,,,,,,,70mm2,11kV,3,Black,,,,,,
BPCL,BPCL/KOCHI/05228,Bolt DIN 933 M6x80mm CS 4.6 Full Thread,Fasteners,,,,,,,M6 x 1.0mm,4.6,Carbon Steel,Flange Head,80mm,,,,,,,,,,
NTPC,MAT-005091,DIN 2448 MS Pipe 150mm Sch 160 SMLS,Pipes,150mm,900 psi,A106 Gr B,3m,Painted,8.6mm,,,,,,,,,,,,,,,
NALCO,NALCO/AL/05014,Alloy Steel Pipe NB 80mm Schedule 120 IS 1161 Seamless,Pipes,80mm,900 psi,P11,6m,Painted,10.0mm,,,,,,,,,,,,,,,
NLCIL,NLC/PW/05124,ASTM A106 SS Pipe 250mm Sch 160 SMLS,Pipes,250mm,900 psi,304,6m,Epoxy Coated,5.5mm,,,,,,,,,,,,,,,
GAIL,GAIL/PIPE/05079,CS Seamless Pipe OD 80mm WT 8.6mm API 5L,Pipes,80mm,2500 psi,A53 Gr B,3m,Galvanized,8.6mm,,,,,,,,,,,,,,,
BPCL,BPCL/KOCHI/05133,DIN 2448 Alloy Steel Pipe 250mm Sch 20 SMLS,Pipes,250mm,1500 psi,P11,6m,Painted,8.6mm,,,,,,,,,,,,,,,
NLCIL,NLC/PW/05280,Aluminium 185mm2 4C 1100V XLPE IS 694,Electrical_Cable,,,,,,,,,,,,185mm2,1100V,4,Black,,,,,,
NALCO,NALCO/AL/05337,Al Conductor Cable 2.5mm2 3.5 Core 6.6kV Armoured,Electrical_Cable,,,,,,,,,,,,2.5mm2,6.6kV,3.5,Red,,,,,,
CIL,CIL/SP/05239,Stud Bolt M10 x 100mm A2-70 IS 1364 SS,Fasteners,,,,,,,M10 x 1.5mm,A2-70,Stainless Steel,Socket Head,100mm,,,,,,,,,,
BHEL,BHE/DPW/05022,SS316 Pipe NB 150mm Schedule 120 API 5L Seamless,Pipes,150mm,300 psi,316,5.8m,Galvanized,7.1mm,,,,,,,,,,,,,,,
CIL,CIL/SP/05269,Al Conductor Cable 6mm2 4 Core 11kV Armoured,Electrical_Cable,,,,,,,,,,,,6mm2,11kV,4,R-Y-B,,,,,,
PGCIL,PGCIL/TL/05360,HT Cable 650V 2.5mm2 1C XLPE Aluminium,Electrical_Cable,,,,,,,,,,,,2.5mm2,650V,1,Red,,,,,,
NTPC,MAT-005283,Aluminium 120mm2 4C 650V XLPE IS 1554,Electrical_Cable,,,,,,,,,,,,120mm2,650V,4,R-Y-B,,,,,,
BPCL,BPCL/KOCHI/05167,Bolt ASTM A193 M36x30mm B7 B7 Full Thread,Fasteners,,,,,,,M36 x 4.0mm,B7,Alloy Steel,Hex Head,30mm,,,,,,,,,,
RINL,RINL/VSP/05006,Pipe MS 250mm x 5.5mm IS 3589 HSN-7304,Pipes,250mm,600 psi,A106 Gr B,12m,Bare,5.5mm,,,,,,,,,,,,,,,
CPCL,CPCL/CH/05013,Duplex SS Pipe 65mm NB Medium Class ASTM A53,Pipes,65mm,900 psi,2205,5.8m,Painted,10.0mm,,,,,,,,,,,,,,,
RINL,RINL/VSP/05380,HT Cable 33kV 4mm2 3C XLPE Aluminium,Electrical_Cable,,,,,,,,,,,,4mm2,33kV,3,R-Y-B,,,,,,
NLCIL,NLC/PW/05044,DIN 2448 MS Pipe 20mm Sch 120 SMLS,Pipes,20mm,2500 psi,A106 Gr B,6m,Epoxy Coated,10.0mm,,,,,,,,,,,,,,,
GAIL,GAIL/PIPE/05244,Hex Hd Bolt M20 x 50mm SS316 A4-80,Fasteners,,,,,,,M20 x 2.5mm,A4-80,Stainless Steel 316,Flange Head,50mm,,,,,,,,,,
NLCIL,NLC/PW/05425,SS316 Control Valve 600# 200mm RF ends API 6D,Valves,200mm,Class 600,CF8M,,Bare,,,,,,,,,,,Socket Weld,600,,,,
NLCIL,NLC/PW/05408,SS316 Globe Valve 150# 300mm RF ends API 6D,Valves,300mm,Class 150,CF8M,,Epoxy Coated,,,,,,,,,,,Wafer,150,,,,
NTPC,MAT-005504,"Glycerin Filled Pressure Gauge 0-10 bar 100mm 1/4"" NPT SS304",Instruments,,,SS304,,,,,,,,,,,,,,,0-10 bar,Class 1.6,100mm,"1/4"" NPT"
HPCL,HPCL/VZ/05015,Alloy Steel Pipe 80mm NB Medium Class IS 1161,Pipes,80mm,900 psi,P11,12m,Bare,10.0mm,,,,,,,,,,,,,,,
HAL,HAL/MRO/05397,API 6D SS316 Butterfly Valve 50mm 1500 Butt Weld,Valves,50mm,Class 1500,CF8M,,Epoxy Coated,,,,,,,,,,,Butt Weld,1500,,,,
CPCL,CPCL/CH/05364,PVC Insulated Cu Wire 1.5mm2 33kV IS 1554,Electrical_Cable,,,,,,,,,,,,1.5mm2,33kV,2,R-Y-B,,,,,,
CPCL,CPCL/CH/05259,MS Hex Bolt M12 x 25mm 8.8 ISO 4017,Fasteners,,,,,,,M12 x 1.75mm,8.8,Mild Steel,Flange Head,25mm,,,,,,,,,,
NLCIL,NLC/PW/05522,"100mm Pressure Gauge 0-250 bar 3/8"" NPT SS316",Instruments,,,SS316,,,,,,,,,,,,,,,0-250 bar,Class 1.0,100mm,"3/8"" NPT"
GAIL,GAIL/PIPE/05406,Control Valve NB 15mm 600 Lb CI flanged API 600,Valves,15mm,Class 600,IS 210 Gr FG200,,Bare,,,,,,,,,,,Butt Weld,600,,,,
NTPC,MAT-005199,Hex Hd Bolt M36 x 150mm MS 8.8,Fasteners,,,,,,,M36 x 4.0mm,8.8,Mild Steel,Hex Head,150mm,,,,,,,,,,
RINL,RINL/VSP/05075,Alloy Steel Seamless Pipe OD 80mm WT 2.77mm IS 1239,Pipes,80mm,1500 psi,P11,3m,Epoxy Coated,2.77mm,,,,,,,,,,,,,,,
NALCO,NALCO/AL/05183,Hex Bolt M36x40mm LG CS 4.6 ASME B18.2.1,Fasteners,,,,,,,M36 x 4.0mm,4.6,Carbon Steel,Flange Head,40mm,,,,,,,,,,
BHEL,BHE/DPW/05261,Hex Bolt M12x80mm LG SS316 A4-80 DIN 933,Fasteners,,,,,,,M12 x 1.75mm,A4-80,Stainless Steel 316,Hex Head,80mm,,,,,,,,,,
IOCL,IOCL/REF/05346,Aluminium 70mm2 2C 1100V XLPE IEC 60502,Electrical_Cable,,,,,,,,,,,,70mm2,1100V,2,Black,,,,,,
ONGC,MM-50541,"Bourdon Tube Pressure Gauge 0-25 bar 63mm 1/4"" NPT EN 837-1",Instruments,,,CS,,,,,,,,,,,,,,,0-25 bar,Class 2.5,63mm,"1/4"" NPT"
RINL,RINL/VSP/05180,Hex Hd Bolt M10 x 60mm SS304 A2-80,Fasteners,,,,,,,M10 x 1.5mm,A2-80,Stainless Steel 304,Socket Head,60mm,,,,,,,,,,
CIL,CIL/SP/05481,"Bourdon Tube Pressure Gauge 0-100 bar 250mm 1/2"" NPT ASME B40.100",Instruments,,,Bronze,,,,,,,,,,,,,,,0-100 bar,Class 1.6,250mm,"1/2"" NPT"
HAL,HAL/MRO/05237,Hex Bolt M12x60mm LG CS 4.6 IS 1364,Fasteners,,,,,,,M12 x 1.75mm,4.6,Carbon Steel,Hex Head,60mm,,,,,,,,,,
RINL,RINL/VSP/05411,Globe Valve 40mm 150 SS316 Socket Weld API 6D,Valves,40mm,Class 150,CF8M,,Bare,,,,,,,,,,,Socket Weld,150,,,,
GAIL,GAIL/PIPE/05468,Needle Valve 150mm 150 SS316 Flanged RF API 600,Valves,150mm,Class 150,CF8M,,Galvanized,,,,,,,,,,,Flanged RF,150,,,,
CIL,CIL/SP/05463,Gate Valve 80mm 1500 CI Flanged RF BS 1414,Valves,80mm,Class 1500,IS 210 Gr FG200,,Epoxy Coated,,,,,,,,,,,Flanged RF,1500,,,,
NTPC,MAT-005025,ERW SS316 Line Pipe 300mm 120 IS 1161,Pipes,300mm,300 psi,316,3m,Painted,3.4mm,,,,,,,,,,,,,,,
ONGC,MM-50024,IS 1161 SS316 Pipe 300mm Sch 120 SMLS,Pipes,300mm,300 psi,316,6m,Bare,3.4mm,,,,,,,,,,,,,,,
CIL,CIL/SP/05459,Check Valve NB 80mm 300 Lb SS316 flanged IS 778,Valves,80mm,Class 300,CF8M,,Epoxy Coated,,,,,,,,,,,Screwed NPT,300,,,,
IOCL,IOCL/REF/05310,120mm2 Al Cable 2 Core 650V IS 694,Electrical_Cable,,,,,,,,,,,,120mm2,650V,2,Brown,,,,,,
RINL,RINL/VSP/05205,Hex Bolt M36x40mm LG SS A2-70 ASME B18.2.1,Fasteners,,,,,,,M36 x 4.0mm,A2-70,Stainless Steel,Hex Head,40mm,,,,,,,,,,
HPCL,HPCL/VZ/05356,120mm2 Copper Cable 3 Core 11kV IS 7098,Electrical_Cable,,,,,,,,,,,,120mm2,11kV,3,R-Y-B,,,,,,
ONGC,MM-50207,Hex Bolt M30x120mm LG SS316 A4-80 IS 1364,Fasteners,,,,,,,M30 x 3.5mm,A4-80,Stainless Steel 316,Hex Head,120mm,,,,,,,,,,
CIL,CIL/SP/05410,ASME B16.34 Alloy Steel Globe Valve 80mm 150 Socket Weld,Valves,80mm,Class 150,WC6,,Bare,,,,,,,,,,,Socket Weld,150,,,,
BPCL,BPCL/KOCHI/05323,25mm2 Copper Cable 3 Core 11kV IS 7098,Electrical_Cable,,,,,,,,,,,,25mm2,11kV,3,R-Y-B,,,,,,
ONGC,MM-50127,CS Pipe 100mm NB Heavy Class IS 1161,Pipes,100mm,600 psi,A53 Gr B,5.8m,Bare,5.5mm,,,,,,,,,,,,,,,
CIL,CIL/SP/05288,XLPE/SWA/PVC Al Cable 120mm2 2C 33kV IS 1554,Electrical_Cable,,,,,,,,,,,,120mm2,33kV,2,Brown,,,,,,
RINL,RINL/VSP/05158,Bolt IS 1364 M16x100mm GI 4.6 Full Thread,Fasteners,,,,,,,M16 x 2.0mm,4.6,Galvanized Iron,Socket Head,100mm,,,,,,,,,,
GAIL,GAIL/PIPE/05123,Duplex SS Pipe 150mm NB Medium Class API 5L,Pipes,150mm,1500 psi,2205,12m,Galvanized,10.0mm,,,,,,,,,,,,,,,
RINL,RINL/VSP/05375,10mm2 Aluminium Cable 3.5 Core 6.6kV IEC 60502,Electrical_Cable,,,,,,,,,,,,10mm2,6.6kV,3.5,Brown,,,,,,
SAIL,SAIL/MSP/05104,CS Pipe NB 40mm Schedule 160 ASTM A53 Seamless,Pipes,40mm,1500 psi,A53 Gr B,6m,Galvanized,3.4mm,,,,,,,,,,,,,,,
ONGC,MM-50417,Globe Valve 25mm 1500 CI Butt Weld API 600,Valves,25mm,Class 1500,IS 210 Gr FG200,,Epoxy Coated,,,,,,,,,,,Butt Weld,1500,,,,
NTPC,MAT-005233,Stud Bolt M6 x 100mm B7 ASTM A193 B7,Fasteners,,,,,,,M6 x 1.0mm,B7,Alloy Steel,Hex Head,100mm,,,,,,,,,,
BHEL,BHE/DPW/05371,10mm2 Al Cable 3 Core 650V IEC 60502,Electrical_Cable,,,,,,,,,,,,10mm2,650V,3,Red,,,,,,
RINL,RINL/VSP/05161,Hex Bolt M12x150mm LG SS A2-70 ASME B18.2.1,Fasteners,,,,,,,M12 x 1.75mm,A2-70,Stainless Steel,Hex Head,150mm,,,,,,,,,,
SAIL,SAIL/MSP/05303,HT Cable 1100V 4mm2 3C XLPE Cu,Electrical_Cable,,,,,,,,,,,,4mm2,1100V,3,Black,,,,,,
CIL,CIL/SP/05153,Hex Hd Bolt M36 x 60mm CS 4.6,Fasteners,,,,,,,M36 x 4.0mm,4.6,Carbon Steel,Socket Head,60mm,,,,,,,,,,
RINL,RINL/VSP/05349,Cu Conductor Cable 35mm2 2 Core 3.3kV Armoured,Electrical_Cable,,,,,,,,,,,,35mm2,3.3kV,2,Black,,,,,,
SAIL,SAIL/MSP/05194,Hex Bolt M20x60mm LG SS316 A4-80 ASTM A193,Fasteners,,,,,,,M20 x 2.5mm,A4-80,Stainless Steel 316,Flange Head,60mm,,,,,,,,,,
NLCIL,NLC/PW/05293,HT Cable 6.6kV 50mm2 4C XLPE Al,Electrical_Cable,,,,,,,,,,,,50mm2,6.6kV,4,Black,,,,,,
ONGC,MM-50268,PVC Insulated Cu Wire 185mm2 1100V IEC 60502,Electrical_Cable,,,,,,,,,,,,185mm2,1100V,4,Black,,,,,,
IOCL,IOCL/REF/05461,Duplex SS Gate Valve 1500# 25mm RF ends API 6D,Valves,25mm,Class 1500,CD4MCu,,Bare,,,,,,,,,,,Butt Weld,1500,,,,
ONGC,MM-50093,SS ERW Pipe NB 50mm 80 as per ASTM A53,Pipes,50mm,1500 psi,304,12m,Painted,5.5mm,,,,,,,,,,,,,,,
RINL,RINL/VSP/05211,Hex Bolt M24x30mm LG SS316 A4-80 ISO 4017,Fasteners,,,,,,,M24 x 3.0mm,A4-80,Stainless Steel 316,Socket Head,30mm,,,,,,,,,,
NMDC,NMDC/ME/05517,"63mm Pressure Gauge 0-6 bar 1/2"" NPT SS304",Instruments,,,SS304,,,,,,,,,,,,,,,0-6 bar,Class 1.0,63mm,"1/2"" NPT"
NMDC,NMDC/ME/05198,Stud Bolt M8 x 50mm 8.8 IS 1364 MS,Fasteners,,,,,,,M8 x 1.25mm,8.8,Mild Steel,Socket Head,50mm,,,,,,,,,,
HAL,HAL/MRO/05285,PVC Insulated Cu Wire 10mm2 650V IS 7098,Electrical_Cable,,,,,,,,,,,,10mm2,650V,3,R-Y-B,,,,,,
PGCIL,PGCIL/TL/05452,Duplex SS Check Valve 200mm Class 900 Socket Weld BS 1414,Valves,200mm,Class 900,CD4MCu,,Epoxy Coated,,,,,,,,,,,Socket Weld,900,,,,
HAL,HAL/MRO/05112,Pipe SS316 50mm x 8.6mm ASTM A53 HSN-7304,Pipes,50mm,2500 psi,316,12m,Bare,8.6mm,,,,,,,,,,,,,,,
GAIL,GAIL/PIPE/05067,MS Seamless Pipe OD 250mm WT 3.4mm IS 1161,Pipes,250mm,1500 psi,A106 Gr B,12m,Galvanized,3.4mm,,,,,,,,,,,,,,,
CIL,CIL/SP/05073,MS ERW Pipe NB 50mm 10 as per IS 1161,Pipes,50mm,900 psi,A106 Gr B,5.8m,Painted,10.0mm,,,,,,,,,,,,,,,
BPCL,BPCL/KOCHI/05326,PVC Insulated Al Wire 240mm2 1100V IEC 60502,Electrical_Cable,,,,,,,,,,,,240mm2,1100V,3.5,Brown,,,,,,
NMDC,NMDC/ME/05136,SS ERW Pipe NB 200mm 20 as per IS 3589,Pipes,200mm,2500 psi,304,5.8m,Galvanized,2.77mm,,,,,,,,,,,,,,,
CIL,CIL/SP/05213,Bolt IS 1364 M16x150mm MS 8.8 Full Thread,Fasteners,,,,,,,M16 x 2.0mm,8.8,Mild Steel,Hex Head,150mm,,,,,,,,,,
NTPC,MAT-005257,Hex Hd Bolt M6 x 30mm MS 8.8,Fasteners,,,,,,,M6 x 1.0mm,8.8,Mild Steel,Flange Head,30mm,,,,,,,,,,
CIL,CIL/SP/05165,Hex Bolt M8x30mm LG GI 4.6 DIN 933,Fasteners,,,,,,,M8 x 1.25mm,4.6,Galvanized Iron,Socket Head,30mm,,,,,,,,,,
NTPC,MAT-005302,Cu 185mm2 3C 650V XLPE IS 1554,Electrical_Cable,,,,,,,,,,,,185mm2,650V,3,Black,,,,,,
GAIL,GAIL/PIPE/05546,"Pressure Transmitter 0-100 bar Class 0.5 3/8"" NPT EN 837-1",Instruments,,,SS304,,,,,,,,,,,,,,,0-100 bar,Class 0.5,63mm,"3/8"" NPT"
PGCIL,PGCIL/TL/05355,Copper 120mm2 3C 11kV XLPE IS 7098,Electrical_Cable,,,,,,,,,,,,120mm2,11kV,3,R-Y-B,,,,,,
CPCL,CPCL/CH/05166,Stud Bolt M8 x 30mm 4.6 DIN 933 GI,Fasteners,,,,,,,M8 x 1.25mm,4.6,Galvanized Iron,Socket Head,30mm,,,,,,,,,,
GAIL,GAIL/PIPE/05184,Stud Bolt M36 x 40mm 4.6 ASME B18.2.1 CS,Fasteners,,,,,,,M36 x 4.0mm,4.6,Carbon Steel,Socket Head,40mm,,,,,,,,,,
SAIL,SAIL/MSP/05016,ERW SS316 Line Pipe 250mm XXS DIN 2448,Pipes,250mm,2500 psi,316,12m,Bare,4.0mm,,,,,,,,,,,,,,,
BPCL,BPCL/KOCHI/05431,Needle Valve NB 250mm 900 Lb SS316 flanged API 600,Valves,250mm,Class 900,CF8M,,Bare,,,,,,,,,,,Butt Weld,900,,,,
SAIL,SAIL/MSP/05214,Stud Bolt M16 x 150mm 8.8 IS 1364 MS,Fasteners,,,,,,,M16 x 2.0mm,8.8,Mild Steel,Hex Head,150mm,,,,,,,,,,
BPCL,BPCL/KOCHI/05328,Copper 2.5mm2 3C 6.6kV XLPE IS 1554 Part 2,Electrical_Cable,,,,,,,,,,,,2.5mm2,6.6kV,3,Black,,,,,,
CPCL,CPCL/CH/05537,"Pressure Gauge 0-6 bar 100mm 3/8"" NPT SS316 ASME B40.100",Instruments,,,SS316,,,,,,,,,,,,,,,0-6 bar,Class 0.5,100mm,"3/8"" NPT"
PGCIL,PGCIL/TL/05494,"Pressure Transmitter 0-10 bar Class 0.5 1/2"" BSP EN 837-1",Instruments,,,Bronze,,,,,,,,,,,,,,,0-10 bar,Class 0.5,150mm,"1/2"" BSP"
NTPC,MAT-005195,Bolt ASME B18.2.1 M16x150mm MS 8.8 Full Thread,Fasteners,,,,,,,M16 x 2.0mm,8.8,Mild Steel,Socket Head,150mm,,,,,,,,,,
CIL,CIL/SP/05292,4mm2 Cu Cable 2 Core 650V IS 1554 Part 2,Electrical_Cable,,,,,,,,,,,,4mm2,650V,2,Black,,,,,,
SAIL,SAIL/MSP/05162,Hex Hd Bolt M12 x 150mm SS A2-70,Fasteners,,,,,,,M12 x 1.75mm,A2-70,Stainless Steel,Hex Head,150mm,,,,,,,,,,
SAIL,SAIL/MSP/05412,API 6D SS316 Globe Valve 40mm 150 Socket Weld,Valves,40mm,Class 150,CF8M,,Bare,,,,,,,,,,,Socket Weld,150,,,,
CIL,CIL/SP/05399,CI Ball Valve 150# 100mm RF ends BS 1414,Valves,100mm,Class 150,IS 210 Gr FG200,,Epoxy Coated,,,,,,,,,,,Flanged RF,150,,,,
NALCO,NALCO/AL/05477,SS316 Gate Valve 300mm Class 900 Flanged RF IS 778,Valves,300mm,Class 900,CF8M,,Galvanized,,,,,,,,,,,Flanged RF,900,,,,
PGCIL,PGCIL/TL/05516,"Pressure Transmitter 0-6 bar Class 1.0 1/2"" NPT IS 3624",Instruments,,,SS304,,,,,,,,,,,,,,,0-6 bar,Class 1.0,63mm,"1/2"" NPT"
GAIL,GAIL/PIPE/05458,Alloy Steel Globe Valve 80mm Class 900 Socket Weld API 600,Valves,80mm,Class 900,WC6,,Bare,,,,,,,,,,,Socket Weld,900,,,,
SAIL,SAIL/MSP/05350,35mm2 Cu Cable 2 Core 3.3kV IS 1554,Electrical_Cable,,,,,,,,,,,,35mm2,3.3kV,2,Red,,,,,,
NLCIL,NLC/PW/05111,Alloy Steel Seamless Pipe OD 65mm WT 3.4mm IS 1161,Pipes,65mm,300 psi,P11,12m,Epoxy Coated,3.4mm,,,,,,,,,,,,,,,
HAL,HAL/MRO/05143,Pipe GI 40mm x 8.6mm API 5L HSN-7304,Pipes,40mm,300 psi,IS 1239,6m,Bare,8.6mm,,,,,,,,,,,,,,,
HAL,HAL/MRO/05119,IS 3589 GI Pipe 32mm Sch 80 SMLS,Pipes,32mm,600 psi,IS 1239,3m,Bare,7.1mm,,,,,,,,,,,,,,,
IOCL,IOCL/REF/05050,GI Seamless Pipe OD 15mm WT 7.1mm ASTM A106,Pipes,15mm,2500 psi,IS 1239,3m,Painted,7.1mm,,,,,,,,,,,,,,,
HAL,HAL/MRO/05215,Bolt IS 1364 M36x30mm SS304 A2-80 Full Thread,Fasteners,,,,,,,M36 x 4.0mm,A2-80,Stainless Steel 304,Hex Head,30mm,,,,,,,,,,
NMDC,NMDC/ME/05415,CS Gate Valve 300# 100mm RF ends IS 778,Valves,100mm,Class 300,A216 WCB,,Epoxy Coated,,,,,,,,,,,Wafer,300,,,,
NLCIL,NLC/PW/05138,Pipe MS 65mm x 8.6mm IS 3589 HSN-7304,Pipes,65mm,150 psi,A106 Gr B,3m,Bare,8.6mm,,,,,,,,,,,,,,,
HPCL,HPCL/VZ/05046,SS316 Pipe 200mm NB Heavy Class ASTM A53,Pipes,200mm,150 psi,316,3m,Bare,10.0mm,,,,,,,,,,,,,,,
CIL,CIL/SP/05082,SS Pipe 20mm NB Heavy Class IS 3589,Pipes,20mm,2500 psi,304,3m,Bare,8.6mm,,,,,,,,,,,,,,,
IOCL,IOCL/REF/05210,Hex Bolt M30x150mm LG SS A2-70 ASME B18.2.1,Fasteners,,,,,,,M30 x 3.5mm,A2-70,Stainless Steel,Hex Head,150mm,,,,,,,,,,
HPCL,HPCL/VZ/05042,SS ERW Pipe NB 25mm 40 as per IS 1239,Pipes,25mm,600 psi,304,6m,Bare,2.77mm,,,,,,,,,,,,,,,
BHEL,BHE/DPW/05072,MS Pipe 50mm NB Heavy Class IS 1161,Pipes,50mm,900 psi,A106 Gr B,3m,Bare,10.0mm,,,,,,,,,,,,,,,
CIL,CIL/SP/05178,Hex Hd Bolt M8 x 60mm SS316 A4-80,Fasteners,,,,,,,M8 x 1.25mm,A4-80,Stainless Steel 316,Hex Head,60mm,,,,,,,,,,
ONGC,MM-50460,IS 778 SS316 Check Valve 80mm 300 Screwed NPT,Valves,80mm,Class 300,CF8M,,Bare,,,,,,,,,,,Screwed NPT,300,,,,
RINL,RINL/VSP/05232,Hex Bolt M36x60mm LG CS 4.6 ASME B18.2.1,Fasteners,,,,,,,M36 x 4.0mm,4.6,Carbon Steel,Flange Head,60mm,,,,,,,,,,
RINL,RINL/VSP/05384,XLPE/SWA/PVC Aluminium Cable 50mm2 4C 3.3kV IS 1554 Part 2,Electrical_Cable,,,,,,,,,,,,50mm2,3.3kV,4,R-Y-B,,,,,,
SAIL,SAIL/MSP/05386,Butterfly Valve 200mm 1500 Alloy Steel Socket Weld BS 1414,Valves,200mm,Class 1500,WC6,,Galvanized,,,,,,,,,,,Socket Weld,1500,,,,
NTPC,MAT-005005,DIN 2448 SS Pipe 50mm Sch 160 SMLS,Pipes,50mm,900 psi,304,5.8m,Painted,8.6mm,,,,,,,,,,,,,,,
HAL,HAL/MRO/05390,Ball Valve 25mm 900 CI Butt Weld BS 1414,Valves,25mm,Class 900,IS 210 Gr FG200,,Epoxy Coated,,,,,,,,,,,Butt Weld,900,,,,
HPCL,HPCL/VZ/05227,Stud Bolt M6 x 80mm 4.6 DIN 933 CS,Fasteners,,,,,,,M6 x 1.0mm,4.6,Carbon Steel,Socket Head,80mm,,,,,,,,,,
HPCL,HPCL/VZ/05035,SS ERW Pipe NB 80mm 40 as per DIN 2448,Pipes,80mm,300 psi,304,6m,Epoxy Coated,5.5mm,,,,,,,,,,,,,,,
HAL,HAL/MRO/05338,2.5mm2 Al Cable 3.5 Core 6.6kV IS 1554,Electrical_Cable,,,,,,,,,,,,2.5mm2,6.6kV,3.5,Black,,,,,,
ONGC,MM-50051,GI ERW Pipe NB 15mm 10 as per ASTM A106,Pipes,15mm,2500 psi,IS 1239,12m,Galvanized,7.1mm,,,,,,,,,,,,,,,
NLCIL,NLC/PW/05174,Hex Bolt M24x40mm LG GI 4.6 DIN 933,Fasteners,,,,,,,M24 x 3.0mm,4.6,Galvanized Iron,Socket Head,40mm,,,,,,,,,,
CIL,CIL/SP/05314,XLPE/SWA/PVC Copper Cable 95mm2 3C 1100V IS 694,Electrical_Cable,,,,,,,,,,,,95mm2,1100V,3,Black,,,,,,
HPCL,HPCL/VZ/05507,"Bourdon Tube Pressure Gauge 0-40 bar 100mm 3/8"" NPT ASME B40.100",Instruments,,,CS,,,,,,,,,,,,,,,0-40 bar,Class 1.6,100mm,"3/8"" NPT"
RINL,RINL/VSP/05053,SS Pipe NB 65mm Schedule 80 ASTM A106 Seamless,Pipes,65mm,900 psi,304,12m,Painted,10.0mm,,,,,,,,,,,,,,,
RINL,RINL/VSP/05109,ERW SS Line Pipe 150mm 160 IS 1161,Pipes,150mm,2500 psi,304,6m,Epoxy Coated,10.0mm,,,,,,,,,,,,,,,
BPCL,BPCL/KOCHI/05319,PVC Insulated Cu Wire 16mm2 6.6kV IS 694,Electrical_Cable,,,,,,,,,,,,16mm2,6.6kV,3,Brown,,,,,,
IOCL,IOCL/REF/05496,"100mm Pressure Gauge 0-6 bar 1/2"" NPT SS304",Instruments,,,SS304,,,,,,,,,,,,,,,0-6 bar,Class 1.0,100mm,"1/2"" NPT"
NALCO,NALCO/AL/05071,Pipe CS 15mm x 8.6mm API 5L HSN-7304,Pipes,15mm,150 psi,A53 Gr B,5.8m,Galvanized,8.6mm,,,,,,,,,,,,,,,
HPCL,HPCL/VZ/05092,SS Pipe NB 50mm Schedule 80 ASTM A53 Seamless,Pipes,50mm,1500 psi,304,12m,Galvanized,5.5mm,,,,,,,,,,,,,,,
NLCIL,NLC/PW/05367,HT Cable 650V 240mm2 3.5C XLPE Copper,Electrical_Cable,,,,,,,,,,,,240mm2,650V,3.5,Black,,,,,,
CPCL,CPCL/CH/05100,Pipe SS316 100mm x 3.4mm DIN 2448 HSN-7304,Pipes,100mm,1500 psi,316,3m,Painted,3.4mm,,,,,,,,,,,,,,,
ONGC,MM-50316,Aluminium 10mm2 3.5C 3.3kV XLPE IEC 60502,Electrical_Cable,,,,,,,,,,,,10mm2,3.3kV,3.5,Black,,,,,,
RINL,RINL/VSP/05409,Alloy Steel Globe Valve 80mm Class 150 Socket Weld ASME B16.34,Valves,80mm,Class 150,WC6,,Galvanized,,,,,,,,,,,Socket Weld,150,,,,
NTPC,MAT-005298,25mm2 Cu Cable 3.5 Core 1100V IS 7098,Electrical_Cable,,,,,,,,,,,,25mm2,1100V,3.5,Red,,,,,,
HAL,HAL/MRO/05401,Alloy Steel Check Valve 80mm Class 900 Flanged RF BS 1414,Valves,80mm,Class 900,WC6,,Bare,,,,,,,,,,,Flanged RF,900,,,,
SAIL,SAIL/MSP/05309,XLPE/SWA/PVC Al Cable 120mm2 2C 650V IS 694,Electrical_Cable,,,,,,,,,,,,120mm2,650V,2,Brown,,,,,,
NLCIL,NLC/PW/05096,SS316 Pipe 150mm NB Heavy Class DIN 2448,Pipes,150mm,150 psi,316,3m,Painted,7.1mm,,,,,,,,,,,,,,,
NTPC,MAT-005170,Stud Bolt M20 x 40mm A2-80 ASTM A193 SS304,Fasteners,,,,,,,M20 x 2.5mm,A2-80,Stainless Steel 304,Socket Head,40mm,,,,,,,,,,
IOCL,IOCL/REF/05271,PVC Insulated Cu Wire 50mm2 6.6kV IS 1554,Electrical_Cable,,,,,,,,,,,,50mm2,6.6kV,1,R-Y-B,,,,,,
IOCL,IOCL/REF/05515,"150mm Pressure Gauge 0-6 bar 1/4"" NPT Bronze",Instruments,,,Bronze,,,,,,,,,,,,,,,0-6 bar,Class 1.0,150mm,"1/4"" NPT"
ONGC,MM-50070,CS Pipe 15mm NB Heavy Class API 5L,Pipes,15mm,150 psi,A53 Gr B,6m,Painted,8.6mm,,,,,,,,,,,,,,,
RINL,RINL/VSP/05379,Cu Conductor Cable 50mm2 3.5 Core 650V Armoured,Electrical_Cable,,,,,,,,,,,,50mm2,650V,3.5,R-Y-B,,,,,,
BHEL,BHE/DPW/05345,PVC Insulated Aluminium Wire 70mm2 1100V IEC 60502,Electrical_Cable,,,,,,,,,,,,70mm2,1100V,2,Black,,,,,,
BHEL,BHE/DPW/05383,Aluminium Conductor Cable 185mm2 3.5 Core 11kV Armoured,Electrical_Cable,,,,,,,,,,,,185mm2,11kV,3.5,Brown,,,,,,
NTPC,MAT-005444,Check Valve 25mm 600 SS316 Butt Weld API 6D,Valves,25mm,Class 600,CF8M,,Epoxy Coated,,,,,,,,,,,Butt Weld,600,,,,
ONGC,MM-50087,Pipe Duplex SS 32mm x 10.0mm API 5L HSN-7304,Pipes,32mm,2500 psi,2205,3m,Painted,10.0mm,,,,,,,,,,,,,,,
CIL,CIL/SP/05330,4mm2 Aluminium Cable 1 Core 1100V IS 1554 Part 2,Electrical_Cable,,,,,,,,,,,,4mm2,1100V,1,Brown,,,,,,
NTPC,MAT-005450,Check Valve 200mm 150 CS Wafer API 600,Valves,200mm,Class 150,A216 WCB,,Epoxy Coated,,,,,,,,,,,Wafer,150,,,,
CIL,CIL/SP/05190,Hex Bolt M20x80mm LG GI 4.6 DIN 933,Fasteners,,,,,,,M20 x 2.5mm,4.6,Galvanized Iron,Socket Head,80mm,,,,,,,,,,
IOCL,IOCL/REF/05270,6mm2 Al Cable 4 Core 11kV IS 7098,Electrical_Cable,,,,,,,,,,,,6mm2,11kV,4,Brown,,,,,,
GAIL,GAIL/PIPE/05250,Hex Hd Bolt M16 x 30mm B7 B7,Fasteners,,,,,,,M16 x 2.0mm,B7,Alloy Steel,Socket Head,30mm,,,,,,,,,,
SAIL,SAIL/MSP/05137,API 5L Duplex SS Pipe 80mm Sch 20 SMLS,Pipes,80mm,2500 psi,2205,6m,Galvanized,10.0mm,,,,,,,,,,,,,,,
NTPC,MAT-005262,Hex Bolt M12x150mm LG MS 8.8 IS 1364,Fasteners,,,,,,,M12 x 1.75mm,8.8,Mild Steel,Socket Head,150mm,,,,,,,,,,
ONGC,MM-50279,PVC Insulated Aluminium Wire 185mm2 1100V IS 694,Electrical_Cable,,,,,,,,,,,,185mm2,1100V,4,Black,,,,,,
NMDC,NMDC/ME/05060,ERW CS Line Pipe 25mm 80 ASTM A106,Pipes,25mm,2500 psi,A53 Gr B,12m,Bare,5.5mm,,,,,,,,,,,,,,,
ONGC,MM-50318,Al 25mm2 1C 33kV XLPE IS 1554,Electrical_Cable,,,,,,,,,,,,25mm2,33kV,1,Brown,,,,,,
CPCL,CPCL/CH/05131,Alloy Steel ERW Pipe NB 80mm 160 as per IS 1239,Pipes,80mm,1500 psi,P11,3m,Bare,10.0mm,,,,,,,,,,,,,,,
NLCIL,NLC/PW/05086,ERW Duplex SS Line Pipe 32mm 10 API 5L,Pipes,32mm,2500 psi,2205,5.8m,Epoxy Coated,10.0mm,,,,,,,,,,,,,,,
ONGC,MM-50134,IS 1239 CS Pipe 100mm Sch 80 SMLS,Pipes,100mm,900 psi,A53 Gr B,12m,Bare,3.4mm,,,,,,,,,,,,,,,
CIL,CIL/SP/05023,ERW SS316 Line Pipe 150mm 120 API 5L,Pipes,150mm,300 psi,316,3m,Epoxy Coated,7.1mm,,,,,,,,,,,,,,,
PGCIL,PGCIL/TL/05039,GI ERW Pipe NB 250mm 120 as per IS 1161,Pipes,250mm,600 psi,IS 1239,3m,Bare,7.1mm,,,,,,,,,,,,,,,
NLCIL,NLC/PW/05248,Hex Bolt M6x60mm LG MS 8.8 ASTM A193,Fasteners,,,,,,,M6 x 1.0mm,8.8,Mild Steel,Socket Head,60mm,,,,,,,,,,
NALCO,NALCO/AL/05550,"Glycerin Filled Pressure Gauge 0-60 bar 150mm 3/8"" NPT Bronze",Instruments,,,Bronze,,,,,,,,,,,,,,,0-60 bar,Class 0.5,150mm,"3/8"" NPT"
CIL,CIL/SP/05160,SS304 Hex Bolt M24 x 150mm A2-80 IS 1364,Fasteners,,,,,,,M24 x 3.0mm,A2-80,Stainless Steel 304,Flange Head,150mm,,,,,,,,,,
GAIL,GAIL/PIPE/05274,Cu 95mm2 3.5C 6.6kV XLPE IS 1554,Electrical_Cable,,,,,,,,,,,,95mm2,6.6kV,3.5,Brown,,,,,,
HPCL,HPCL/VZ/05247,Bolt DIN 933 M30x120mm SS316 A4-80 Full Thread,Fasteners,,,,,,,M30 x 3.5mm,A4-80,Stainless Steel 316,Flange Head,120mm,,,,,,,,,,
BPCL,BPCL/KOCHI/05052,SS Seamless Pipe OD 65mm WT 10.0mm ASTM A106,Pipes,65mm,900 psi,304,5.8m,Bare,10.0mm,,,,,,,,,,,,,,,
BHEL,BHE/DPW/05120,Pipe Duplex SS 40mm x 7.1mm IS 1239 HSN-7304,Pipes,40mm,600 psi,2205,12m,Bare,7.1mm,,,,,,,,,,,,,,,
CIL,CIL/SP/05038,GI Pipe 250mm NB Heavy Class IS 1161,Pipes,250mm,600 psi,IS 1239,3m,Galvanized,7.1mm,,,,,,,,,,,,,,,
ONGC,MM-50347,XLPE/SWA/PVC Copper Cable 120mm2 1C 6.6kV IS 1554,Electrical_Cable,,,,,,,,,,,,120mm2,6.6kV,1,Black,,,,,,
CPCL,CPCL/CH/05196,Hex Hd Bolt M16 x 150mm MS 8.8,Fasteners,,,,,,,M16 x 2.0mm,8.8,Mild Steel,Hex Head,150mm,,,,,,,,,,
ONGC,MM-50311,HT Cable 6.6kV 35mm2 1C XLPE Aluminium,Electrical_Cable,,,,,,,,,,,,35mm2,6.6kV,1,Black,,,,,,
HAL,HAL/MRO/05358,PVC Insulated Copper Wire 25mm2 650V IS 7098,Electrical_Cable,,,,,,,,,,,,25mm2,650V,3,Red,,,,,,
PGCIL,PGCIL/TL/05373,XLPE/SWA/PVC Aluminium Cable 95mm2 4C 11kV IS 7098,Electrical_Cable,,,,,,,,,,,,95mm2,11kV,4,Black,,,,,,
NMDC,NMDC/ME/05535,"Pressure Gauge 0-6 bar 63mm 1/4"" NPT SS304 IS 3624",Instruments,,,SS304,,,,,,,,,,,,,,,0-6 bar,Class 0.5,63mm,"1/4"" NPT"
HPCL,HPCL/VZ/05251,Hex Bolt M20x50mm LG SS304 A2-80 ISO 4017,Fasteners,,,,,,,M20 x 2.5mm,A2-80,Stainless Steel 304,Flange Head,50mm,,,,,,,,,,
NLCIL,NLC/PW/05108,SS ERW Pipe NB 150mm 160 as per IS 1161,Pipes,150mm,2500 psi,304,5.8m,Galvanized,10.0mm,,,,,,,,,,,,,,,
NLCIL,NLC/PW/05081,Pipe SS 25mm x 4.0mm IS 1239 HSN-7304,Pipes,25mm,1500 psi,304,3m,Epoxy Coated,4.0mm,,,,,,,,,,,,,,,
HAL,HAL/MRO/05018,SS ERW Pipe NB 20mm 160 as per IS 1161,Pipes,20mm,300 psi,304,6m,Bare,5.5mm,,,,,,,,,,,,,,,
IOCL,IOCL/REF/05359,XLPE/SWA/PVC Aluminium Cable 2.5mm2 1C 650V IS 7098,Electrical_Cable,,,,,,,,,,,,2.5mm2,650V,1,Red,,,,,,
NTPC,MAT-005212,Stud Bolt M24 x 30mm A4-80 ISO 4017 SS316,Fasteners,,,,,,,M24 x 3.0mm,A4-80,Stainless Steel 316,Flange Head,30mm,,,,,,,,,,
SAIL,SAIL/MSP/05300,Al 6mm2 3C 33kV XLPE IS 7098,Electrical_Cable,,,,,,,,,,,,6mm2,33kV,3,Brown,,,,,,
HPCL,HPCL/VZ/05129,ERW Duplex SS Line Pipe 65mm 10 ASTM A106,Pipes,65mm,900 psi,2205,5.8m,Painted,3.4mm,,,,,,,,,,,,,,,
PGCIL,PGCIL/TL/05438,ASME B16.34 CS Needle Valve 200mm 300 Flanged RF,Valves,200mm,Class 300,A216 WCB,,Bare,,,,,,,,,,,Flanged RF,300,,,,
CPCL,CPCL/CH/05395,Check Valve 250mm 600 Alloy Steel Socket Weld BS 1414,Valves,250mm,Class 600,WC6,,Bare,,,,,,,,,,,Socket Weld,600,,,,
NMDC,NMDC/ME/05508,"Glycerin Filled Pressure Gauge 0-10 bar 250mm 1/2"" NPT SS304",Instruments,,,SS304,,,,,,,,,,,,,,,0-10 bar,Class 0.5,250mm,"1/2"" NPT"
BPCL,BPCL/KOCHI/05553,"Pressure Gauge 0-160 bar 63mm 1/2"" NPT SS304 ASME B40.100",Instruments,,,SS304,,,,,,,,,,,,,,,0-160 bar,Class 1.0,63mm,"1/2"" NPT"
IOCL,IOCL/REF/05394,Gate Valve 200mm 300 Duplex SS Butt Weld ASME B16.34,Valves,200mm,Class 300,CD4MCu,,Epoxy Coated,,,,,,,,,,,Butt Weld,300,,,,
BHEL,BHE/DPW/05021,CS Pipe NB 20mm Schedule 10 IS 1161 Seamless,Pipes,20mm,1500 psi,A53 Gr B,5.8m,Galvanized,7.1mm,,,,,,,,,,,,,,,
PGCIL,PGCIL/TL/05473,Globe Valve NB 300mm 900 Lb Alloy Steel flanged API 6D,Valves,300mm,Class 900,WC6,,Galvanized,,,,,,,,,,,Butt Weld,900,,,,
HPCL,HPCL/VZ/05185,Stud Bolt M30 x 60mm 4.6 ASTM A193 GI,Fasteners,,,,,,,M30 x 3.5mm,4.6,Galvanized Iron,Socket Head,60mm,,,,,,,,,,
HAL,HAL/MRO/05428,Alloy Steel Globe Valve 80mm Class 600 Flanged RF ASME B16.34,Valves,80mm,Class 600,WC6,,Galvanized,,,,,,,,,,,Flanged RF,600,,,,
BPCL,BPCL/KOCHI/05503,"Pressure Gauge 0-250 bar 100mm 1/2"" NPT CS IS 3624",Instruments,,,CS,,,,,,,,,,,,,,,0-250 bar,Class 0.5,100mm,"1/2"" NPT"
CIL,CIL/SP/05492,"Pressure Gauge 0-160 bar 150mm 3/8"" NPT Bronze EN 837-1",Instruments,,,Bronze,,,,,,,,,,,,,,,0-160 bar,Class 2.5,150mm,"3/8"" NPT"
NMDC,NMDC/ME/05254,MS Hex Bolt M10 x 100mm 8.8 DIN 933,Fasteners,,,,,,,M10 x 1.5mm,8.8,Mild Steel,Flange Head,100mm,,,,,,,,,,
HPCL,HPCL/VZ/05419,CI Globe Valve 300# 200mm RF ends API 6D,Valves,200mm,Class 300,IS 210 Gr FG200,,Galvanized,,,,,,,,,,,Butt Weld,300,,,,
NALCO,NALCO/AL/05068,ERW Alloy Steel Line Pipe 200mm XXS DIN 2448,Pipes,200mm,150 psi,P11,5.8m,Bare,8.6mm,,,,,,,,,,,,,,,
NLCIL,NLC/PW/05433,Globe Valve 200mm 1500 CS Screwed NPT API 600,Valves,200mm,Class 1500,A216 WCB,,Galvanized,,,,,,,,,,,Screwed NPT,1500,,,,
NALCO,NALCO/AL/05146,Hex Bolt M30x100mm LG SS A2-70 ASTM A193,Fasteners,,,,,,,M30 x 3.5mm,A2-70,Stainless Steel,Flange Head,100mm,,,,,,,,,,
BPCL,BPCL/KOCHI/05110,IS 1161 Alloy Steel Pipe 65mm Sch XXS SMLS,Pipes,65mm,300 psi,P11,5.8m,Painted,3.4mm,,,,,,,,,,,,,,,
BPCL,BPCL/KOCHI/05447,Duplex SS Needle Valve 100mm Class 1500 Wafer API 6D,Valves,100mm,Class 1500,CD4MCu,,Galvanized,,,,,,,,,,,Wafer,1500,,,,
NMDC,NMDC/ME/05378,HT Cable 650V 6mm2 3C XLPE Aluminium,Electrical_Cable,,,,,,,,,,,,6mm2,650V,3,Brown,,,,,,
ONGC,MM-50532,"Bourdon Tube Pressure Gauge 0-60 bar 63mm 1/2"" NPT EN 837-1",Instruments,,,SS304,,,,,,,,,,,,,,,0-60 bar,Class 1.0,63mm,"1/2"" NPT"
HPCL,HPCL/VZ/05495,"Glycerin Filled Pressure Gauge 0-10 bar 150mm 1/2"" BSP Bronze",Instruments,,,Bronze,,,,,,,,,,,,,,,0-10 bar,Class 0.5,150mm,"1/2"" BSP"
CPCL,CPCL/CH/05527,"63mm Pressure Gauge 0-25 bar 1/2"" BSP Bronze",Instruments,,,Bronze,,,,,,,,,,,,,,,0-25 bar,Class 1.6,63mm,"1/2"" BSP"
HAL,HAL/MRO/05266,Copper Conductor Cable 4mm2 2 Core 11kV Armoured,Electrical_Cable,,,,,,,,,,,,4mm2,11kV,2,R-Y-B,,,,,,
RINL,RINL/VSP/05217,Stud Bolt M36 x 60mm 4.6 DIN 933 CS,Fasteners,,,,,,,M36 x 4.0mm,4.6,Carbon Steel,Flange Head,60mm,,,,,,,,,,
RINL,RINL/VSP/05519,"Bourdon Tube Pressure Gauge 0-100 bar 63mm 1/4"" NPT IS 3624",Instruments,,,SS304,,,,,,,,,,,,,,,0-100 bar,Class 0.5,63mm,"1/4"" NPT"
BPCL,BPCL/KOCHI/05097,SS316 Seamless Pipe OD 150mm WT 7.1mm DIN 2448,Pipes,150mm,150 psi,316,6m,Galvanized,7.1mm,,,,,,,,,,,,,,,
SAIL,SAIL/MSP/05069,Alloy Steel Seamless Pipe OD 200mm WT 8.6mm DIN 2448,Pipes,200mm,150 psi,P11,3m,Galvanized,8.6mm,,,,,,,,,,,,,,,
BHEL,BHE/DPW/05282,PVC Insulated Copper Wire 4mm2 33kV IS 7098,Electrical_Cable,,,,,,,,,,,,4mm2,33kV,2,Black,,,,,,
ONGC,MM-50159,Stud Bolt M24 x 150mm A2-80 IS 1364 SS304,Fasteners,,,,,,,M24 x 3.0mm,A2-80,Stainless Steel 304,Socket Head,150mm,,,,,,,,,,
HAL,HAL/MRO/05203,Hex Bolt M16x100mm LG MS 8.8 ISO 4017,Fasteners,,,,,,,M16 x 2.0mm,8.8,Mild Steel,Socket Head,100mm,,,,,,,,,,
BHEL,BHE/DPW/05265,4mm2 Copper Cable 2 Core 11kV IS 7098,Electrical_Cable,,,,,,,,,,,,4mm2,11kV,2,Brown,,,,,,
HAL,HAL/MRO/05099,IS 1161 Duplex SS Pipe 40mm Sch 120 SMLS,Pipes,40mm,1500 psi,2205,5.8m,Galvanized,5.5mm,,,,,,,,,,,,,,,
SAIL,SAIL/MSP/05182,Stud Bolt M8 x 100mm A2-80 DIN 933 SS304,Fasteners,,,,,,,M8 x 1.25mm,A2-80,Stainless Steel 304,Socket Head,100mm,,,,,,,,,,
IOCL,IOCL/REF/05548,"Pressure Transmitter 0-40 bar Class 1.0 3/8"" NPT ASME B40.100",Instruments,,,CS,,,,,,,,,,,,,,,0-40 bar,Class 1.0,250mm,"3/8"" NPT"
NLCIL,NLC/PW/05334,PVC Insulated Al Wire 4mm2 650V IS 7098,Electrical_Cable,,,,,,,,,,,,4mm2,650V,3.5,Red,,,,,,
RINL,RINL/VSP/05307,XLPE/SWA/PVC Cu Cable 240mm2 2C 11kV IS 694,Electrical_Cable,,,,,,,,,,,,240mm2,11kV,2,R-Y-B,,,,,,
HAL,HAL/MRO/05339,2.5mm2 Al Cable 3.5 Core 6.6kV IEC 60502,Electrical_Cable,,,,,,,,,,,,2.5mm2,6.6kV,3.5,R-Y-B,,,,,,
IOCL,IOCL/REF/05518,"63mm Pressure Gauge 0-100 bar 1/4"" NPT SS304",Instruments,,,SS304,,,,,,,,,,,,,,,0-100 bar,Class 0.5,63mm,"1/4"" NPT"
GAIL,GAIL/PIPE/05218,CS Hex Bolt M36 x 60mm 4.6 DIN 933,Fasteners,,,,,,,M36 x 4.0mm,4.6,Carbon Steel,Socket Head,60mm,,,,,,,,,,
CPCL,CPCL/CH/05324,HT Cable 11kV 25mm2 3C XLPE Copper,Electrical_Cable,,,,,,,,,,,,25mm2,11kV,3,Brown,,,,,,
CIL,CIL/SP/05332,Cu 2.5mm2 1C 650V XLPE IS 1554 Part 2,Electrical_Cable,,,,,,,,,,,,2.5mm2,650V,1,Black,,,,,,
HPCL,HPCL/VZ/05122,SS ERW Pipe NB 25mm 10 as per IS 3589,Pipes,25mm,150 psi,304,6m,Bare,2.77mm,,,,,,,,,,,,,,,
SAIL,SAIL/MSP/05114,Duplex SS Seamless Pipe OD 20mm WT 7.1mm API 5L,Pipes,20mm,600 psi,2205,5.8m,Epoxy Coated,7.1mm,,,,,,,,,,,,,,,
RINL,RINL/VSP/05540,"Bourdon Tube Pressure Gauge 0-40 bar 100mm 1/4"" NPT EN 837-1",Instruments,,,CS,,,,,,,,,,,,,,,0-40 bar,Class 1.0,100mm,"1/4"" NPT"
CIL,CIL/SP/05225,Stud Bolt M24 x 30mm A2-70 IS 1364 SS,Fasteners,,,,,,,M24 x 3.0mm,A2-70,Stainless Steel,Hex Head,30mm,,,,,,,,,,
SAIL,SAIL/MSP/05382,XLPE/SWA/PVC Al Cable 95mm2 4C 3.3kV IS 7098,Electrical_Cable,,,,,,,,,,,,95mm2,3.3kV,4,Red,,,,,,
RINL,RINL/VSP/05045,MS Pipe 20mm NB Medium Class DIN 2448,Pipes,20mm,2500 psi,A106 Gr B,5.8m,Epoxy Coated,10.0mm,,,,,,,,,,,,,,,
HPCL,HPCL/VZ/05471,Duplex SS Needle Valve 300# 200mm RF ends IS 778,Valves,200mm,Class 300,CD4MCu,,Galvanized,,,,,,,,,,,Flanged RF,300,,,,
SAIL,SAIL/MSP/05168,Hex Bolt M36x30mm LG B7 B7 ASTM A193,Fasteners,,,,,,,M36 x 4.0mm,B7,Alloy Steel,Hex Head,30mm,,,,,,,,,,
CPCL,CPCL/CH/05498,"100mm Pressure Gauge 0-60 bar 1/2"" BSP CS",Instruments,,,CS,,,,,,,,,,,,,,,0-60 bar,Class 0.5,100mm,"1/2"" BSP"
CPCL,CPCL/CH/05074,Alloy Steel Pipe 80mm NB Light Class IS 1239,Pipes,80mm,1500 psi,P11,3m,Galvanized,2.77mm,,,,,,,,,,,,,,,
SAIL,SAIL/MSP/05362,PVC Insulated Aluminium Wire 2.5mm2 3.3kV IS 1554,Electrical_Cable,,,,,,,,,,,,2.5mm2,3.3kV,1,Black,,,,,,
IOCL,IOCL/REF/05172,SS Hex Bolt M10 x 30mm A2-70 DIN 933,Fasteners,,,,,,,M10 x 1.5mm,A2-70,Stainless Steel,Hex Head,30mm,,,,,,,,,,
ONGC,MM-50003,MS Seamless Pipe OD 150mm WT 10.0mm ASTM A53,Pipes,150mm,150 psi,A106 Gr B,12m,Painted,10.0mm,,,,,,,,,,,,,,,
ONGC,MM-50173,GI Hex Bolt M24 x 40mm 4.6 DIN 933,Fasteners,,,,,,,M24 x 3.0mm,4.6,Galvanized Iron,Socket Head,40mm,,,,,,,,,,
NALCO,NALCO/AL/05418,API 600 CI Globe Valve 25mm 1500 Butt Weld,Valves,25mm,Class 1500,IS 210 Gr FG200,,Epoxy Coated,,,,,,,,,,,Butt Weld,1500,,,,
ONGC,MM-50193,SS316 Hex Bolt M20 x 60mm A4-80 ASTM A193,Fasteners,,,,,,,M20 x 2.5mm,A4-80,Stainless Steel 316,Socket Head,60mm,,,,,,,,,,
NMDC,NMDC/ME/05235,Bolt DIN 933 M30x100mm SS304 A2-80 Full Thread,Fasteners,,,,,,,M30 x 3.5mm,A2-80,Stainless Steel 304,Hex Head,100mm,,,,,,,,,,
GAIL,GAIL/PIPE/05208,SS316 Hex Bolt M30 x 120mm A4-80 IS 1364,Fasteners,,,,,,,M30 x 3.5mm,A4-80,Stainless Steel 316,Hex Head,120mm,,,,,,,,,,
CPCL,CPCL/CH/05057,GI Pipe NB 15mm Schedule XXS IS 1161 Seamless,Pipes,15mm,2500 psi,IS 1239,6m,Galvanized,7.1mm,,,,,,,,,,,,,,,
ONGC,MM-50388,IS 778 CI Globe Valve 80mm 1500 Butt Weld,Valves,80mm,Class 1500,IS 210 Gr FG200,,Galvanized,,,,,,,,,,,Butt Weld,1500,,,,
CPCL,CPCL/CH/05331,XLPE/SWA/PVC Cu Cable 2.5mm2 1C 650V IS 1554 Part 2,Electrical_Cable,,,,,,,,,,,,2.5mm2,650V,1,R-Y-B,,,,,,
BHEL,BHE/DPW/05465,API 6D CS Check Valve 250mm 600 Socket Weld,Valves,250mm,Class 600,A216 WCB,,Bare,,,,,,,,,,,Socket Weld,600,,,,
NALCO,NALCO/AL/05405,CI Control Valve 15mm Class 600 Butt Weld API 600,Valves,15mm,Class 600,IS 210 Gr FG200,,Galvanized,,,,,,,,,,,Butt Weld,600,,,,
CPCL,CPCL/CH/05219,Stud Bolt M12 x 40mm 4.6 ISO 4017 CS,Fasteners,,,,,,,M12 x 1.75mm,4.6,Carbon Steel,Hex Head,40mm,,,,,,,,,,
CPCL,CPCL/CH/05054,Duplex SS Pipe 25mm NB Heavy Class IS 1239,Pipes,25mm,300 psi,2205,3m,Galvanized,4.0mm,,,,,,,,,,,,,,,
NLCIL,NLC/PW/05191,SS304 Hex Bolt M24 x 120mm A2-80 ASME B18.2.1,Fasteners,,,,,,,M24 x 3.0mm,A2-80,Stainless Steel 304,Socket Head,120mm,,,,,,,,,,
PGCIL,PGCIL/TL/05026,Duplex SS Pipe 15mm NB Heavy Class IS 3589,Pipes,15mm,150 psi,2205,6m,Epoxy Coated,4.0mm,,,,,,,,,,,,,,,
NLCIL,NLC/PW/05106,GI Pipe NB 20mm Schedule 160 API 5L Seamless,Pipes,20mm,900 psi,IS 1239,6m,Epoxy Coated,5.5mm,,,,,,,,,,,,,,,
NLCIL,NLC/PW/05056,Pipe GI 15mm x 7.1mm IS 1161 HSN-7304,Pipes,15mm,2500 psi,IS 1239,3m,Bare,7.1mm,,,,,,,,,,,,,,,
NTPC,MAT-005065,Pipe SS316 100mm x 8.6mm API 5L HSN-7304,Pipes,100mm,1500 psi,316,3m,Painted,8.6mm,,,,,,,,,,,,,,,
HAL,HAL/MRO/05469,SS316 Check Valve 150mm Class 300 Screwed NPT ASME B16.34,Valves,150mm,Class 300,CF8M,,Epoxy Coated,,,,,,,,,,,Screwed NPT,300,,,,
RINL,RINL/VSP/05344,XLPE/SWA/PVC Copper Cable 240mm2 1C 1100V IS 1554 Part 2,Electrical_Cable,,,,,,,,,,,,240mm2,1100V,1,Brown,,,,,,
NTPC,MAT-005421,SS316 Ball Valve 600# 150mm RF ends ASME B16.34,Valves,150mm,Class 600,CF8M,,Galvanized,,,,,,,,,,,Socket Weld,600,,,,
GAIL,GAIL/PIPE/05154,Stud Bolt M36 x 60mm 4.6 DIN 933 CS,Fasteners,,,,,,,M36 x 4.0mm,4.6,Carbon Steel,Hex Head,60mm,,,,,,,,,,
SAIL,SAIL/MSP/05523,"Pressure Gauge 0-250 bar 100mm 3/8"" NPT SS316 ASME B40.100",Instruments,,,SS316,,,,,,,,,,,,,,,0-250 bar,Class 1.0,100mm,"3/8"" NPT"
CPCL,CPCL/CH/05297,XLPE/SWA/PVC Cu Cable 25mm2 3.5C 1100V IS 7098,Electrical_Cable,,,,,,,,,,,,25mm2,1100V,3.5,R-Y-B,,,,,,
BHEL,BHE/DPW/05376,PVC Insulated Cu Wire 50mm2 650V IS 1554,Electrical_Cable,,,,,,,,,,,,50mm2,650V,3,Brown,,,,,,
IOCL,IOCL/REF/05294,50mm2 Al Cable 4 Core 6.6kV IEC 60502,Electrical_Cable,,,,,,,,,,,,50mm2,6.6kV,4,Brown,,,,,,
CPCL,CPCL/CH/05243,Bolt ASME B18.2.1 M20x50mm SS316 A4-80 Full Thread,Fasteners,,,,,,,M20 x 2.5mm,A4-80,Stainless Steel 316,Flange Head,50mm,,,,,,,,,,
CPCL,CPCL/CH/05387,CI Globe Valve 1500# 80mm RF ends IS 778,Valves,80mm,Class 1500,IS 210 Gr FG200,,Galvanized,,,,,,,,,,,Butt Weld,1500,,,,
HPCL,HPCL/VZ/05242,Hex Bolt M24x60mm LG SS304 A2-80 ASTM A193,Fasteners,,,,,,,M24 x 3.0mm,A2-80,Stainless Steel 304,Socket Head,60mm,,,,,,,,,,
IOCL,IOCL/REF/05062,SS ERW Pipe NB 50mm 160 as per ASTM A53,Pipes,50mm,1500 psi,304,5.8m,Painted,3.4mm,,,,,,,,,,,,,,,
IOCL,IOCL/REF/05441,Needle Valve NB 250mm 150 Lb Alloy Steel flanged API 6D,Valves,250mm,Class 150,WC6,,Galvanized,,,,,,,,,,,Socket Weld,150,,,,
PGCIL,PGCIL/TL/05538,"Pressure Transmitter 0-250 bar Class 1.0 1/4"" NPT IS 3624",Instruments,,,SS304,,,,,,,,,,,,,,,0-250 bar,Class 1.0,63mm,"1/4"" NPT"
BPCL,BPCL/KOCHI/05027,IS 3589 Duplex SS Pipe 15mm Sch 120 SMLS,Pipes,15mm,150 psi,2205,5.8m,Galvanized,4.0mm,,,,,,,,,,,,,,,
NMDC,NMDC/ME/05156,Stud Bolt M24 x 120mm A4-80 DIN 933 SS316,Fasteners,,,,,,,M24 x 3.0mm,A4-80,Stainless Steel 316,Socket Head,120mm,,,,,,,,,,
NALCO,NALCO/AL/05169,Hex Bolt M20x40mm LG SS304 A2-80 ASTM A193,Fasteners,,,,,,,M20 x 2.5mm,A2-80,Stainless Steel 304,Hex Head,40mm,,,,,,,,,,
GAIL,GAIL/PIPE/05102,ERW CS Line Pipe 150mm 160 ASTM A106,Pipes,150mm,1500 psi,A53 Gr B,6m,Bare,8.6mm,,,,,,,,,,,,,,,
NTPC,MAT-005343,240mm2 Copper Cable 1 Core 1100V IS 1554 Part 2,Electrical_Cable,,,,,,,,,,,,240mm2,1100V,1,Black,,,,,,
CPCL,CPCL/CH/05482,"Bourdon Tube Pressure Gauge 0-40 bar 100mm 1/2"" BSP ASME B40.100",Instruments,,,SS304,,,,,,,,,,,,,,,0-40 bar,Class 2.5,100mm,"1/2"" BSP"
PGCIL,PGCIL/TL/05534,"Pressure Transmitter 0-6 bar Class 0.5 1/4"" NPT IS 3624",Instruments,,,SS304,,,,,,,,,,,,,,,0-6 bar,Class 0.5,63mm,"1/4"" NPT"
NTPC,MAT-005536,"Pressure Transmitter 0-6 bar Class 0.5 3/8"" NPT ASME B40.100",Instruments,,,SS316,,,,,,,,,,,,,,,0-6 bar,Class 0.5,100mm,"3/8"" NPT"
PGCIL,PGCIL/TL/05192,Hex Bolt M24x120mm LG SS304 A2-80 ASME B18.2.1,Fasteners,,,,,,,M24 x 3.0mm,A2-80,Stainless Steel 304,Socket Head,120mm,,,,,,,,,,
SAIL,SAIL/MSP/05036,Alloy Steel Pipe 50mm NB Heavy Class IS 1161,Pipes,50mm,900 psi,P11,5.8m,Painted,10.0mm,,,,,,,,,,,,,,,
SAIL,SAIL/MSP/05077,API 5L GI Pipe 100mm Sch 40 SMLS,Pipes,100mm,600 psi,IS 1239,12m,Galvanized,8.6mm,,,,,,,,,,,,,,,
NTPC,MAT-005278,10mm2 Al Cable 1 Core 11kV IS 694,Electrical_Cable,,,,,,,,,,,,10mm2,11kV,1,Brown,,,,,,
NMDC,NMDC/ME/05413,Alloy Steel Control Valve 600# 300mm RF ends API 6D,Valves,300mm,Class 600,WC6,,Bare,,,,,,,,,,,Wafer,600,,,,
HAL,HAL/MRO/05348,120mm2 Copper Cable 1 Core 6.6kV IS 1554,Electrical_Cable,,,,,,,,,,,,120mm2,6.6kV,1,Black,,,,,,
BHEL,BHE/DPW/05105,CS Pipe 40mm NB Medium Class ASTM A53,Pipes,40mm,1500 psi,A53 Gr B,5.8m,Painted,3.4mm,,,,,,,,,,,,,,,
HPCL,HPCL/VZ/05525,"Pressure Gauge 0-25 bar 100mm 1/2"" NPT Bronze ASME B40.100",Instruments,,,Bronze,,,,,,,,,,,,,,,0-25 bar,Class 2.5,100mm,"1/2"" NPT"
NTPC,MAT-005220,Hex Hd Bolt M12 x 40mm CS 4.6,Fasteners,,,,,,,M12 x 1.75mm,4.6,Carbon Steel,Flange Head,40mm,,,,,,,,,,
NTPC,MAT-005304,Cu 4mm2 3C 1100V XLPE IS 7098,Electrical_Cable,,,,,,,,,,,,4mm2,1100V,3,Red,,,,,,
CPCL,CPCL/CH/05125,Pipe CS 150mm x 10.0mm ASTM A106 HSN-7304,Pipes,150mm,300 psi,A53 Gr B,12m,Epoxy Coated,10.0mm,,,,,,,,,,,,,,,
ONGC,MM-50368,HT Cable 3.3kV 35mm2 3C XLPE Copper,Electrical_Cable,,,,,,,,,,,,35mm2,3.3kV,3,Red,,,,,,
CIL,CIL/SP/05017,SS316 Pipe NB 250mm Schedule XXS DIN 2448 Seamless,Pipes,250mm,2500 psi,316,3m,Epoxy Coated,4.0mm,,,,,,,,,,,,,,,
PGCIL,PGCIL/TL/05281,Copper Conductor Cable 4mm2 2 Core 33kV Armoured,Electrical_Cable,,,,,,,,,,,,4mm2,33kV,2,Black,,,,,,
HPCL,HPCL/VZ/05277,Al Conductor Cable 10mm2 1 Core 11kV Armoured,Electrical_Cable,,,,,,,,,,,,10mm2,11kV,1,Black,,,,,,
GAIL,GAIL/PIPE/05200,MS Hex Bolt M36 x 150mm 8.8 ASME B18.2.1,Fasteners,,,,,,,M36 x 4.0mm,8.8,Mild Steel,Hex Head,150mm,,,,,,,,,,
NTPC,MAT-005455,IS 778 SS316 Check Valve 100mm 1500 Screwed NPT,Valves,100mm,Class 1500,CF8M,,Galvanized,,,,,,,,,,,Screwed NPT,1500,,,,
CPCL,CPCL/CH/05479,Butterfly Valve NB 200mm 900 Lb CS flanged API 6D,Valves,200mm,Class 900,A216 WCB,,Bare,,,,,,,,,,,Flanged RF,900,,,,
CIL,CIL/SP/05502,"Glycerin Filled Pressure Gauge 0-250 bar 100mm 1/2"" NPT CS",Instruments,,,CS,,,,,,,,,,,,,,,0-250 bar,Class 0.5,100mm,"1/2"" NPT"
CIL,CIL/SP/05043,SS Seamless Pipe OD 25mm WT 2.77mm IS 1239,Pipes,25mm,600 psi,304,6m,Painted,2.77mm,,,,,,,,,,,,,,,
HPCL,HPCL/VZ/05351,Copper 4mm2 1C 6.6kV XLPE IEC 60502,Electrical_Cable,,,,,,,,,,,,4mm2,6.6kV,1,R-Y-B,,,,,,
NLCIL,NLC/PW/05457,API 600 Alloy Steel Globe Valve 80mm 900 Socket Weld,Valves,80mm,Class 900,WC6,,Epoxy Coated,,,,,,,,,,,Socket Weld,900,,,,
