cpse_name,original_code,description,spec_diameter,spec_pressure_rating,spec_material_grade,spec_thread_size_pitch,spec_strength_grade,spec_material,spec_conductor_size,spec_voltage_rating,spec_core_count
ONGC,P-101,"Seamless MS pipe 100mm NB, 150psi, grade A53 Gr B, 6m length",100mm,150psi,A53 Gr B,,,,,,
NTPC,P-202,"M.S. pipe DN 100, 150psi, A53 Gr B, 6m",100mm,150psi,A53 Gr B,,,,,,
BHEL,P-303,"Carbon steel pipe 100mm dia, 150psi, grade A53 Gr B",100mm,150psi,A53 Gr B,,,,,,
IOCL,P-404,"MS pipe 150mm NB, 16bar, grade A36, 6m length",150mm,16bar,A36,,,,,,
GAIL,P-505,"A36 pipe 150mm nominal bore, 16bar, 6 meter, seamless",150mm,16bar,A36,,,,,,
SAIL,P-606,"Seamless SS 316 pipe 80mm NB, 300psi, grade SS 316, 6m",80mm,300psi,SS 316,,,,,,
IOCL,F-001,"Hex bolt M10x1.5mmx60mm, SS 304, grade 8.8, DIN 933",,,,M10 1.5mm,8.8,SS 304,,,
GAIL,F-002,"SS 304 hex head bolt M10 pitch 1.5mm, strength 8.8, 60mm lg",,,,M10 1.5mm,8.8,SS 304,,,
SAIL,F-003,"DIN 933 hex bolt M12x60, material GI, grade 10.9",,,,M12 1.75mm,10.9,GI,,,
BHEL,F-004,"Hex bolt M16x2.0mmx60mm, MS, grade 4.6, DIN 933",,,,M16 2.0mm,4.6,MS,,,
NTPC,F-005,"HT steel hex head bolt M16 pitch 2.0mm, strength 4.6, 60mm lg",,,,M16 2.0mm,4.6,HT steel,,,
CIL,C-111,"PVC insulated copper cable 4C x 6mm2, 1.1kV, 1km drum",,,,,,,6mm2,1.1kV,4C
BPCL,C-112,"1100V grade copper cable 4C x 6mm2, 1000m reel",,,,,,,6mm2,1100V,4C
HPCL,C-113,"PVC insulated aluminium cable 3C x 25mm2, 3.3kV, 1km drum",,,,,,,25mm2,3.3kV,3C
PGCIL,C-114,"LT power cable 12P x 1.5mm2, 650V, copper",,,,,,,1.5mm2,650V,12P
ONGC,C-115,"Copper conductor power cable 3C x 10mm2, 1.1kV",,,,,,,10mm2,1.1kV,3C
